_id,systemRecordId,uploadedRecordId,status,__v,createdAt,updatedAt
6998836e208c0c659dd9bf72,TX001,TX001,Matched,0,2026-02-20T15:53:18.129Z,2026-02-20T15:53:18.129Z
6998836e208c0c659dd9bf73,TX002,TX002,Partially Matched,[object Object],0,2026-02-20T15:53:18.131Z,2026-02-20T15:53:18.131Z
6998836e208c0c659dd9bf74,TX001,TX001,Matched,0,2026-02-20T15:53:18.131Z,2026-02-20T15:53:18.131Z
699885fba11766f36ec3d7dc,,TX001,Duplicate,0,2026-02-20T16:04:11.422Z,2026-02-20T16:04:11.422Z
699885fba11766f36ec3d7dd,TX002,TX002,Partially Matched,[object Object],0,2026-02-20T16:04:11.423Z,2026-02-20T16:04:11.423Z
699885fba11766f36ec3d7de,,TX001,Duplicate,0,2026-02-20T16:04:11.423Z,2026-02-20T16:04:11.423Z
699886d7a11766f36ec3d7e0,,TX001,Duplicate,0,2026-02-20T16:07:51.159Z,2026-02-20T16:07:51.159Z
699886d7a11766f36ec3d7e1,TX002,TX002,Partially Matched,[object Object],0,2026-02-20T16:07:51.159Z,2026-02-20T16:07:51.159Z
699886d7a11766f36ec3d7e2,,TX001,Duplicate,0,2026-02-20T16:07:51.159Z,2026-02-20T16:07:51.159Z
6998886301dafb88727b2200,TX001,TX001,Matched,0,2026-02-20T16:14:27.598Z,2026-02-20T16:14:27.598Z
6998886301dafb88727b2201,TX002,TX002,Partially Matched,[object Object],0,2026-02-20T16:14:27.600Z,2026-02-20T16:14:27.600Z
6998886301dafb88727b2202,,TX001,Duplicate,0,2026-02-20T16:14:27.600Z,2026-02-20T16:14:27.600Z
699888de01dafb88727b2204,TX1001,TX1001,Matched,0,2026-02-20T16:16:30.734Z,2026-02-20T16:16:30.734Z
699888de01dafb88727b2205,TX1002,TX1002,Partially Matched,[object Object],0,2026-02-20T16:16:30.734Z,2026-02-20T16:16:30.734Z
699888de01dafb88727b2206,,TX1003,Unmatched,0,2026-02-20T16:16:30.734Z,2026-02-20T16:16:30.734Z
699888de01dafb88727b2207,,TX1001,Duplicate,0,2026-02-20T16:16:30.734Z,2026-02-20T16:16:30.734Z
69989a0179ca5ee6cc580bc4,TX1001,TX1001,Matched,67b4d6a63c5c8f0aabb12345,0,2026-02-20T17:29:37.973Z,2026-02-20T17:29:37.973Z
69989a0179ca5ee6cc580bc5,TX1002,TX1002,Partially Matched,[object Object],67b4d6a63c5c8f0aabb12345,0,2026-02-20T17:29:37.974Z,2026-02-20T17:29:37.974Z
69989a0179ca5ee6cc580bc6,,TX1003,Unmatched,67b4d6a63c5c8f0aabb12345,0,2026-02-20T17:29:37.974Z,2026-02-20T17:29:37.974Z
69989a0179ca5ee6cc580bc7,,TX1001,Duplicate,67b4d6a63c5c8f0aabb12345,0,2026-02-20T17:29:37.974Z,2026-02-20T17:29:37.974Z
69989b4d4a55795178cc8e66,TX1001,TX1001,Matched,67b4d6a63c5c8f0aabb12345,0,2026-02-20T17:35:09.763Z,2026-02-20T17:35:09.763Z
69989b4d4a55795178cc8e67,TX1002,TX1002,Partially Matched,[object Object],67b4d6a63c5c8f0aabb12345,0,2026-02-20T17:35:09.766Z,2026-02-20T17:35:09.766Z
69989b4d4a55795178cc8e68,,TX1003,Unmatched,67b4d6a63c5c8f0aabb12345,0,2026-02-20T17:35:09.767Z,2026-02-20T17:35:09.767Z
69989b4d4a55795178cc8e69,,TX1001,Duplicate,67b4d6a63c5c8f0aabb12345,0,2026-02-20T17:35:09.767Z,2026-02-20T17:35:09.767Z
69989b4d4a55795178cc8e6c,TX1001,TX1001,Matched,0,2026-02-20T17:35:09.803Z,2026-02-20T17:35:09.803Z
69989b4d4a55795178cc8e6d,TX1002,TX1002,Partially Matched,[object Object],0,2026-02-20T17:35:09.803Z,2026-02-20T17:35:09.803Z
69989b4d4a55795178cc8e6e,,TX1003,Unmatched,0,2026-02-20T17:35:09.803Z,2026-02-20T17:35:09.803Z
69989b4d4a55795178cc8e6f,,TX1001,Duplicate,0,2026-02-20T17:35:09.803Z,2026-02-20T17:35:09.803Z
699c72bc2b2d421e73cef0c0,TX001,TX001,Matched,0,2026-02-23T15:31:08.914Z,2026-02-23T15:31:08.914Z
699c72bc2b2d421e73cef0c1,TX002,TX002,Matched,0,2026-02-23T15:31:08.914Z,2026-02-23T15:31:08.914Z
699c72bc2b2d421e73cef0c2,,TX001,Duplicate,0,2026-02-23T15:31:08.915Z,2026-02-23T15:31:08.915Z
699c72bc2b2d421e73cef0c5,TX001,TX001,Matched,0,2026-02-23T15:31:08.951Z,2026-02-23T15:31:08.951Z
699c72bc2b2d421e73cef0c6,TX002,TX002,Matched,0,2026-02-23T15:31:08.951Z,2026-02-23T15:31:08.951Z
699c72bc2b2d421e73cef0c7,,TX001,Duplicate,0,2026-02-23T15:31:08.951Z,2026-02-23T15:31:08.951Z
699c742615a05db344a14803,TX001,TX001,Matched,0,2026-02-23T15:37:10.587Z,2026-02-23T15:37:10.587Z
699c742615a05db344a14804,TX002,TX002,Matched,0,2026-02-23T15:37:10.590Z,2026-02-23T15:37:10.590Z
699c742615a05db344a14805,,TX001,Duplicate,0,2026-02-23T15:37:10.590Z,2026-02-23T15:37:10.590Z
699c742615a05db344a14808,TX001,TX001,Matched,0,2026-02-23T15:37:10.622Z,2026-02-23T15:37:10.622Z
699c742615a05db344a14809,TX002,TX002,Matched,0,2026-02-23T15:37:10.622Z,2026-02-23T15:37:10.622Z
699c742615a05db344a1480a,,TX001,Duplicate,0,2026-02-23T15:37:10.623Z,2026-02-23T15:37:10.623Z
699c7442bf14a21a51c84524,TX001,TX001,Matched,0,2026-02-23T15:37:38.994Z,2026-02-23T15:37:38.994Z
699c7442bf14a21a51c84525,TX002,TX002,Matched,0,2026-02-23T15:37:38.997Z,2026-02-23T15:37:38.997Z
699c7442bf14a21a51c84526,,TX001,Duplicate,0,2026-02-23T15:37:38.997Z,2026-02-23T15:37:38.997Z
699c7443bf14a21a51c84529,TX001,TX001,Matched,0,2026-02-23T15:37:39.035Z,2026-02-23T15:37:39.035Z
699c7443bf14a21a51c8452a,TX002,TX002,Matched,0,2026-02-23T15:37:39.035Z,2026-02-23T15:37:39.035Z
699c7443bf14a21a51c8452b,,TX001,Duplicate,0,2026-02-23T15:37:39.036Z,2026-02-23T15:37:39.036Z
699c745dbf14a21a51c8452e,TX001,TX001,Matched,0,2026-02-23T15:38:05.768Z,2026-02-23T15:38:05.768Z
699c745dbf14a21a51c8452f,TX002,TX002,Matched,0,2026-02-23T15:38:05.769Z,2026-02-23T15:38:05.769Z
699c745dbf14a21a51c84530,,TX001,Duplicate,0,2026-02-23T15:38:05.769Z,2026-02-23T15:38:05.769Z
699c745dbf14a21a51c84533,TX001,TX001,Matched,0,2026-02-23T15:38:05.783Z,2026-02-23T15:38:05.783Z
699c745dbf14a21a51c84534,TX002,TX002,Matched,0,2026-02-23T15:38:05.784Z,2026-02-23T15:38:05.784Z
699c745dbf14a21a51c84535,,TX001,Duplicate,0,2026-02-23T15:38:05.784Z,2026-02-23T15:38:05.784Z
699c750aa74d1f5be39ad77f,TX001,TX001,Matched,0,2026-02-23T15:40:58.059Z,2026-02-23T15:40:58.059Z
699c750aa74d1f5be39ad780,TX002,TX002,Matched,0,2026-02-23T15:40:58.060Z,2026-02-23T15:40:58.060Z
699c750aa74d1f5be39ad781,,TX001,Duplicate,0,2026-02-23T15:40:58.060Z,2026-02-23T15:40:58.060Z
699c750aa74d1f5be39ad784,TX001,TX001,Matched,0,2026-02-23T15:40:58.072Z,2026-02-23T15:40:58.072Z
699c750aa74d1f5be39ad785,TX002,TX002,Matched,0,2026-02-23T15:40:58.072Z,2026-02-23T15:40:58.072Z
699c750aa74d1f5be39ad786,,TX001,Duplicate,0,2026-02-23T15:40:58.072Z,2026-02-23T15:40:58.072Z
699c751ea74d1f5be39ad788,TX001,TX001,Matched,0,2026-02-23T15:41:18.385Z,2026-02-23T15:41:18.385Z
699c751ea74d1f5be39ad789,TX002,TX002,Matched,0,2026-02-23T15:41:18.385Z,2026-02-23T15:41:18.385Z
699c751ea74d1f5be39ad78a,,TX001,Duplicate,0,2026-02-23T15:41:18.385Z,2026-02-23T15:41:18.385Z
699c751ea74d1f5be39ad78d,TX001,TX001,Matched,0,2026-02-23T15:41:18.391Z,2026-02-23T15:41:18.391Z
699c751ea74d1f5be39ad78e,TX002,TX002,Matched,0,2026-02-23T15:41:18.391Z,2026-02-23T15:41:18.391Z
699c751ea74d1f5be39ad78f,,TX001,Duplicate,0,2026-02-23T15:41:18.391Z,2026-02-23T15:41:18.391Z
699c753ea74d1f5be39ad791,TX001,TX001,Matched,0,2026-02-23T15:41:50.859Z,2026-02-23T15:41:50.859Z
699c753ea74d1f5be39ad792,TX002,TX002,Matched,0,2026-02-23T15:41:50.860Z,2026-02-23T15:41:50.860Z
699c753ea74d1f5be39ad793,,TX001,Duplicate,0,2026-02-23T15:41:50.860Z,2026-02-23T15:41:50.860Z
699c753ea74d1f5be39ad796,TX001,TX001,Matched,0,2026-02-23T15:41:50.863Z,2026-02-23T15:41:50.863Z
699c753ea74d1f5be39ad797,TX002,TX002,Matched,0,2026-02-23T15:41:50.863Z,2026-02-23T15:41:50.863Z
699c753ea74d1f5be39ad798,,TX001,Duplicate,0,2026-02-23T15:41:50.863Z,2026-02-23T15:41:50.863Z
699c791e5914e32ef0e3b26a,TX001,TX001,Matched,0,2026-02-23T15:58:22.160Z,2026-02-23T15:58:22.160Z
699c791e5914e32ef0e3b26b,TX002,TX002,Matched,0,2026-02-23T15:58:22.161Z,2026-02-23T15:58:22.161Z
699c791e5914e32ef0e3b26c,,TX001,Duplicate,0,2026-02-23T15:58:22.162Z,2026-02-23T15:58:22.162Z
699c791e5914e32ef0e3b26f,TX001,TX001,Matched,0,2026-02-23T15:58:22.178Z,2026-02-23T15:58:22.178Z
699c791e5914e32ef0e3b270,TX002,TX002,Matched,0,2026-02-23T15:58:22.178Z,2026-02-23T15:58:22.178Z
699c791e5914e32ef0e3b271,,TX001,Duplicate,0,2026-02-23T15:58:22.178Z,2026-02-23T15:58:22.178Z
699c7a483aae4fd447f7c8d6,TX001,TX001,Matched,0,2026-02-23T16:03:20.781Z,2026-02-23T16:03:20.781Z
699c7a483aae4fd447f7c8d7,TX002,TX002,Partially Matched,[object Object],0,2026-02-23T16:03:20.782Z,2026-02-23T16:03:20.782Z
699c7a483aae4fd447f7c8d8,,TX001,Duplicate,0,2026-02-23T16:03:20.782Z,2026-02-23T16:03:20.782Z
699c7a7a3aae4fd447f7c8db,TX001,TX001,Matched,0,2026-02-23T16:04:10.686Z,2026-02-23T16:04:10.686Z
699c7a7a3aae4fd447f7c8dc,TX002,TX002,Partially Matched,[object Object],0,2026-02-23T16:04:10.686Z,2026-02-23T16:04:10.686Z
699c7a7a3aae4fd447f7c8dd,,TX001,Duplicate,0,2026-02-23T16:04:10.686Z,2026-02-23T16:04:10.686Z
699c7a7a3aae4fd447f7c8de,,TX009,Unmatched,0,2026-02-23T16:04:10.686Z,2026-02-23T16:04:10.686Z
699c7dc33aae4fd447f7c8e3,,Unmatched,0,2026-02-23T16:18:11.547Z,2026-02-23T16:18:11.547Z
699c7dc33aae4fd447f7c8e4,,Unmatched,0,2026-02-23T16:18:11.547Z,2026-02-23T16:18:11.547Z
699c7dc33aae4fd447f7c8e5,,Unmatched,0,2026-02-23T16:18:11.548Z,2026-02-23T16:18:11.548Z
699c7dc33aae4fd447f7c8e6,,Unmatched,0,2026-02-23T16:18:11.548Z,2026-02-23T16:18:11.548Z
699c7dc33aae4fd447f7c8e7,,Unmatched,0,2026-02-23T16:18:11.548Z,2026-02-23T16:18:11.548Z
699c7e9c3aae4fd447f7c8ec,,Unmatched,0,2026-02-23T16:21:48.062Z,2026-02-23T16:21:48.062Z
699c7e9c3aae4fd447f7c8ed,,Unmatched,0,2026-02-23T16:21:48.062Z,2026-02-23T16:21:48.062Z
699c7e9c3aae4fd447f7c8ee,,Unmatched,0,2026-02-23T16:21:48.062Z,2026-02-23T16:21:48.062Z
699c7e9c3aae4fd447f7c8ef,,Unmatched,0,2026-02-23T16:21:48.062Z,2026-02-23T16:21:48.062Z
699c7e9c3aae4fd447f7c8f0,,Unmatched,0,2026-02-23T16:21:48.062Z,2026-02-23T16:21:48.062Z
699c7e9e3aae4fd447f7c8f5,,Unmatched,0,2026-02-23T16:21:50.706Z,2026-02-23T16:21:50.706Z
699c7e9e3aae4fd447f7c8f6,,Unmatched,0,2026-02-23T16:21:50.706Z,2026-02-23T16:21:50.706Z
699c7e9e3aae4fd447f7c8f7,,Unmatched,0,2026-02-23T16:21:50.706Z,2026-02-23T16:21:50.706Z
699c7e9e3aae4fd447f7c8f8,,Unmatched,0,2026-02-23T16:21:50.706Z,2026-02-23T16:21:50.706Z
699c7e9e3aae4fd447f7c8f9,,Unmatched,0,2026-02-23T16:21:50.706Z,2026-02-23T16:21:50.706Z
699de48cee43645bc25a1b2a,,Unmatched,0,2026-02-24T17:49:00.489Z,2026-02-24T17:49:00.489Z
699de48cee43645bc25a1b2b,,Unmatched,0,2026-02-24T17:49:00.489Z,2026-02-24T17:49:00.489Z
699de48cee43645bc25a1b2c,,Unmatched,0,2026-02-24T17:49:00.489Z,2026-02-24T17:49:00.489Z
699de48cee43645bc25a1b2d,,Unmatched,0,2026-02-24T17:49:00.489Z,2026-02-24T17:49:00.489Z
699de48cee43645bc25a1b2e,,Unmatched,0,2026-02-24T17:49:00.489Z,2026-02-24T17:49:00.489Z
699de5e9ee43645bc25a1b33,,Unmatched,0,2026-02-24T17:54:49.165Z,2026-02-24T17:54:49.165Z
699de5e9ee43645bc25a1b34,,Unmatched,0,2026-02-24T17:54:49.165Z,2026-02-24T17:54:49.165Z
699de5e9ee43645bc25a1b35,,Unmatched,0,2026-02-24T17:54:49.165Z,2026-02-24T17:54:49.165Z
699de5e9ee43645bc25a1b36,,Unmatched,0,2026-02-24T17:54:49.165Z,2026-02-24T17:54:49.165Z
699de5e9ee43645bc25a1b37,,Unmatched,0,2026-02-24T17:54:49.165Z,2026-02-24T17:54:49.165Z
699de7e7ee43645bc25a1b3c,,Unmatched,0,2026-02-24T18:03:19.424Z,2026-02-24T18:03:19.424Z
699de7e7ee43645bc25a1b3d,,Unmatched,0,2026-02-24T18:03:19.424Z,2026-02-24T18:03:19.424Z
699de7e7ee43645bc25a1b3e,,Unmatched,0,2026-02-24T18:03:19.424Z,2026-02-24T18:03:19.424Z
699de7e7ee43645bc25a1b3f,,Unmatched,0,2026-02-24T18:03:19.424Z,2026-02-24T18:03:19.424Z
699de7e7ee43645bc25a1b40,,Unmatched,0,2026-02-24T18:03:19.424Z,2026-02-24T18:03:19.424Z
699de7edee43645bc25a1b45,,Unmatched,0,2026-02-24T18:03:25.623Z,2026-02-24T18:03:25.623Z
699de7edee43645bc25a1b46,,Unmatched,0,2026-02-24T18:03:25.623Z,2026-02-24T18:03:25.623Z
699de7edee43645bc25a1b47,,Unmatched,0,2026-02-24T18:03:25.623Z,2026-02-24T18:03:25.623Z
699de7edee43645bc25a1b48,,Unmatched,0,2026-02-24T18:03:25.623Z,2026-02-24T18:03:25.623Z
699de7edee43645bc25a1b49,,Unmatched,0,2026-02-24T18:03:25.623Z,2026-02-24T18:03:25.623Z
699de9efee43645bc25a1b4e,,Unmatched,0,2026-02-24T18:11:59.272Z,2026-02-24T18:11:59.272Z
699de9efee43645bc25a1b4f,,Unmatched,0,2026-02-24T18:11:59.272Z,2026-02-24T18:11:59.272Z
699de9efee43645bc25a1b50,,Unmatched,0,2026-02-24T18:11:59.272Z,2026-02-24T18:11:59.272Z
699de9efee43645bc25a1b51,,Unmatched,0,2026-02-24T18:11:59.272Z,2026-02-24T18:11:59.272Z
699de9efee43645bc25a1b52,,Unmatched,0,2026-02-24T18:11:59.272Z,2026-02-24T18:11:59.272Z
699de9f1ee43645bc25a1b55,TX001,TX001,Matched,0,2026-02-24T18:12:01.349Z,2026-02-24T18:12:01.349Z
699de9f1ee43645bc25a1b56,TX002,TX002,Partially Matched,[object Object],0,2026-02-24T18:12:01.349Z,2026-02-24T18:12:01.349Z
699de9f1ee43645bc25a1b57,,TX001,Duplicate,0,2026-02-24T18:12:01.349Z,2026-02-24T18:12:01.349Z
699de9f1ee43645bc25a1b58,,TX009,Unmatched,0,2026-02-24T18:12:01.349Z,2026-02-24T18:12:01.349Z
699de9f1ee43645bc25a1b5b,TX001,TX001,Matched,0,2026-02-24T18:12:01.360Z,2026-02-24T18:12:01.360Z
699de9f1ee43645bc25a1b5c,TX002,TX002,Partially Matched,[object Object],0,2026-02-24T18:12:01.360Z,2026-02-24T18:12:01.360Z
699de9f1ee43645bc25a1b5d,,TX001,Duplicate,0,2026-02-24T18:12:01.361Z,2026-02-24T18:12:01.361Z
699de9f1ee43645bc25a1b5e,,TX009,Unmatched,0,2026-02-24T18:12:01.361Z,2026-02-24T18:12:01.361Z
699deabcee43645bc25a1b63,,Unmatched,0,2026-02-24T18:15:24.673Z,2026-02-24T18:15:24.673Z
699deabcee43645bc25a1b64,,Unmatched,0,2026-02-24T18:15:24.673Z,2026-02-24T18:15:24.673Z
699deabcee43645bc25a1b65,,Unmatched,0,2026-02-24T18:15:24.673Z,2026-02-24T18:15:24.673Z
699deabcee43645bc25a1b66,,Unmatched,0,2026-02-24T18:15:24.673Z,2026-02-24T18:15:24.673Z
699deabcee43645bc25a1b67,,Unmatched,0,2026-02-24T18:15:24.673Z,2026-02-24T18:15:24.673Z
699deabcee43645bc25a1b68,,Unmatched,0,2026-02-24T18:15:24.673Z,2026-02-24T18:15:24.673Z
699deabcee43645bc25a1b69,,Unmatched,0,2026-02-24T18:15:24.674Z,2026-02-24T18:15:24.674Z
699deabcee43645bc25a1b6a,,Unmatched,0,2026-02-24T18:15:24.674Z,2026-02-24T18:15:24.674Z
699deabcee43645bc25a1b6b,,Unmatched,0,2026-02-24T18:15:24.674Z,2026-02-24T18:15:24.674Z
699deabcee43645bc25a1b6c,,Unmatched,0,2026-02-24T18:15:24.674Z,2026-02-24T18:15:24.674Z
699deabcee43645bc25a1b6d,,Unmatched,0,2026-02-24T18:15:24.674Z,2026-02-24T18:15:24.674Z
699deabcee43645bc25a1b6e,,Unmatched,0,2026-02-24T18:15:24.674Z,2026-02-24T18:15:24.674Z
699deabcee43645bc25a1b6f,,Unmatched,0,2026-02-24T18:15:24.674Z,2026-02-24T18:15:24.674Z
699deabcee43645bc25a1b70,,Unmatched,0,2026-02-24T18:15:24.674Z,2026-02-24T18:15:24.674Z
699deabcee43645bc25a1b71,,Unmatched,0,2026-02-24T18:15:24.674Z,2026-02-24T18:15:24.674Z
699deabcee43645bc25a1b72,,Unmatched,0,2026-02-24T18:15:24.674Z,2026-02-24T18:15:24.674Z
699deabcee43645bc25a1b73,,Unmatched,0,2026-02-24T18:15:24.674Z,2026-02-24T18:15:24.674Z
699deabcee43645bc25a1b74,,Unmatched,0,2026-02-24T18:15:24.674Z,2026-02-24T18:15:24.674Z
699deabcee43645bc25a1b75,,Unmatched,0,2026-02-24T18:15:24.674Z,2026-02-24T18:15:24.674Z
699deabcee43645bc25a1b76,,Unmatched,0,2026-02-24T18:15:24.674Z,2026-02-24T18:15:24.674Z
699deabeee43645bc25a1b79,TX001,TX001,Matched,0,2026-02-24T18:15:26.780Z,2026-02-24T18:15:26.780Z
699deabeee43645bc25a1b7a,TX002,TX002,Partially Matched,[object Object],0,2026-02-24T18:15:26.780Z,2026-02-24T18:15:26.780Z
699deabeee43645bc25a1b7b,,TX001,Duplicate,0,2026-02-24T18:15:26.780Z,2026-02-24T18:15:26.780Z
699deabeee43645bc25a1b7c,,TX009,Unmatched,0,2026-02-24T18:15:26.780Z,2026-02-24T18:15:26.780Z
699deabeee43645bc25a1b7e,TX001,TX001,Matched,0,2026-02-24T18:15:26.789Z,2026-02-24T18:15:26.789Z
699deabeee43645bc25a1b7f,TX002,TX002,Partially Matched,[object Object],0,2026-02-24T18:15:26.790Z,2026-02-24T18:15:26.790Z
699deabeee43645bc25a1b80,,TX001,Duplicate,0,2026-02-24T18:15:26.790Z,2026-02-24T18:15:26.790Z
699deabeee43645bc25a1b81,,TX009,Unmatched,0,2026-02-24T18:15:26.790Z,2026-02-24T18:15:26.790Z
699dec64f7542fa39fc1da95,,Unmatched,0,2026-02-24T18:22:28.902Z,2026-02-24T18:22:28.902Z
699dec64f7542fa39fc1da96,,Unmatched,0,2026-02-24T18:22:28.903Z,2026-02-24T18:22:28.903Z
699dec64f7542fa39fc1da97,,Unmatched,0,2026-02-24T18:22:28.903Z,2026-02-24T18:22:28.903Z
699dec64f7542fa39fc1da98,,Unmatched,0,2026-02-24T18:22:28.903Z,2026-02-24T18:22:28.903Z
699dec64f7542fa39fc1da99,,Unmatched,0,2026-02-24T18:22:28.903Z,2026-02-24T18:22:28.903Z
699dec84f7542fa39fc1daa0,,Unmatched,0,2026-02-24T18:23:00.096Z,2026-02-24T18:23:00.096Z
699dec84f7542fa39fc1daa1,,Unmatched,0,2026-02-24T18:23:00.096Z,2026-02-24T18:23:00.096Z
699dec84f7542fa39fc1daa2,,Unmatched,0,2026-02-24T18:23:00.096Z,2026-02-24T18:23:00.096Z
699dec84f7542fa39fc1daa3,,Unmatched,0,2026-02-24T18:23:00.096Z,2026-02-24T18:23:00.096Z
699dec84f7542fa39fc1daa4,,Unmatched,0,2026-02-24T18:23:00.096Z,2026-02-24T18:23:00.096Z
699ded1df7542fa39fc1daad,,Unmatched,0,2026-02-24T18:25:33.530Z,2026-02-24T18:25:33.530Z
699ded1df7542fa39fc1daae,,Unmatched,0,2026-02-24T18:25:33.530Z,2026-02-24T18:25:33.530Z
699ded1df7542fa39fc1daaf,,Unmatched,0,2026-02-24T18:25:33.530Z,2026-02-24T18:25:33.530Z
699ded1df7542fa39fc1dab0,,Unmatched,0,2026-02-24T18:25:33.531Z,2026-02-24T18:25:33.531Z
699ded1df7542fa39fc1dab1,,Unmatched,0,2026-02-24T18:25:33.531Z,2026-02-24T18:25:33.531Z
699def39f7542fa39fc1dab8,,Unmatched,0,2026-02-24T18:34:33.926Z,2026-02-24T18:34:33.926Z
699def39f7542fa39fc1dab9,,Unmatched,0,2026-02-24T18:34:33.927Z,2026-02-24T18:34:33.927Z
699def39f7542fa39fc1daba,,Unmatched,0,2026-02-24T18:34:33.927Z,2026-02-24T18:34:33.927Z
699def39f7542fa39fc1dabb,,Unmatched,0,2026-02-24T18:34:33.927Z,2026-02-24T18:34:33.927Z
699def39f7542fa39fc1dabc,,Unmatched,0,2026-02-24T18:34:33.927Z,2026-02-24T18:34:33.927Z
699df12902270cc751b2c4f9,,UNKNOWN,Unmatched,0,2026-02-24T18:42:49.194Z,2026-02-24T18:42:49.194Z
699df12902270cc751b2c4fa,,UNKNOWN,Unmatched,0,2026-02-24T18:42:49.194Z,2026-02-24T18:42:49.194Z
699df12902270cc751b2c4fb,,UNKNOWN,Unmatched,0,2026-02-24T18:42:49.194Z,2026-02-24T18:42:49.194Z
699df12902270cc751b2c4fc,,UNKNOWN,Unmatched,0,2026-02-24T18:42:49.194Z,2026-02-24T18:42:49.194Z
699df12902270cc751b2c4fd,,UNKNOWN,Unmatched,0,2026-02-24T18:42:49.194Z,2026-02-24T18:42:49.194Z
699df18502270cc751b2c503,,UNKNOWN,Unmatched,0,2026-02-24T18:44:21.738Z,2026-02-24T18:44:21.738Z
699df18502270cc751b2c504,,UNKNOWN,Unmatched,0,2026-02-24T18:44:21.739Z,2026-02-24T18:44:21.739Z
699df18502270cc751b2c505,,UNKNOWN,Unmatched,0,2026-02-24T18:44:21.739Z,2026-02-24T18:44:21.739Z
699df18502270cc751b2c506,,UNKNOWN,Unmatched,0,2026-02-24T18:44:21.739Z,2026-02-24T18:44:21.739Z
699df18502270cc751b2c507,,UNKNOWN,Unmatched,0,2026-02-24T18:44:21.739Z,2026-02-24T18:44:21.739Z
699f1768ce048bd5f367e058,,UNKNOWN,Unmatched,0,2026-02-25T15:38:16.562Z,2026-02-25T15:38:16.562Z
699f1768ce048bd5f367e059,,UNKNOWN,Unmatched,0,2026-02-25T15:38:16.562Z,2026-02-25T15:38:16.562Z
699f1768ce048bd5f367e05a,,UNKNOWN,Unmatched,0,2026-02-25T15:38:16.562Z,2026-02-25T15:38:16.562Z
699f1768ce048bd5f367e05b,,UNKNOWN,Unmatched,0,2026-02-25T15:38:16.562Z,2026-02-25T15:38:16.562Z
699f1768ce048bd5f367e05c,,UNKNOWN,Unmatched,0,2026-02-25T15:38:16.562Z,2026-02-25T15:38:16.562Z
699f192c8a60a771d1619c56,,N/A,Unmatched,[object Object],0,2026-02-25T15:45:48.496Z,2026-02-25T15:45:48.496Z
699f192c8a60a771d1619c57,,N/A,Unmatched,[object Object],0,2026-02-25T15:45:48.496Z,2026-02-25T15:45:48.496Z
699f192c8a60a771d1619c58,,N/A,Unmatched,[object Object],0,2026-02-25T15:45:48.496Z,2026-02-25T15:45:48.496Z
699f192c8a60a771d1619c59,,N/A,Unmatched,[object Object],0,2026-02-25T15:45:48.496Z,2026-02-25T15:45:48.496Z
699f192c8a60a771d1619c5a,,N/A,Unmatched,[object Object],0,2026-02-25T15:45:48.496Z,2026-02-25T15:45:48.496Z
699f197e8a60a771d1619c60,,N/A,Unmatched,[object Object],0,2026-02-25T15:47:10.766Z,2026-02-25T15:47:10.766Z
699f197e8a60a771d1619c61,,N/A,Unmatched,[object Object],0,2026-02-25T15:47:10.766Z,2026-02-25T15:47:10.766Z
699f197e8a60a771d1619c62,,N/A,Unmatched,[object Object],0,2026-02-25T15:47:10.766Z,2026-02-25T15:47:10.766Z
699f197e8a60a771d1619c63,,N/A,Unmatched,[object Object],0,2026-02-25T15:47:10.766Z,2026-02-25T15:47:10.766Z
699f197e8a60a771d1619c64,,N/A,Unmatched,[object Object],0,2026-02-25T15:47:10.766Z,2026-02-25T15:47:10.766Z
699f19c28a60a771d1619c6a,,N/A,Unmatched,[object Object],0,2026-02-25T15:48:18.841Z,2026-02-25T15:48:18.841Z
699f19c28a60a771d1619c6b,,N/A,Unmatched,[object Object],0,2026-02-25T15:48:18.841Z,2026-02-25T15:48:18.841Z
699f19c28a60a771d1619c6c,,N/A,Unmatched,[object Object],0,2026-02-25T15:48:18.841Z,2026-02-25T15:48:18.841Z
699f19c28a60a771d1619c6d,,N/A,Unmatched,[object Object],0,2026-02-25T15:48:18.841Z,2026-02-25T15:48:18.841Z
699f19c28a60a771d1619c6e,,N/A,Unmatched,[object Object],0,2026-02-25T15:48:18.841Z,2026-02-25T15:48:18.841Z
699f1c81f44931f6a2367291,,N/A,Unmatched,[object Object],0,2026-02-25T16:00:01.398Z,2026-02-25T16:00:01.398Z
699f1c81f44931f6a2367292,,N/A,Unmatched,[object Object],0,2026-02-25T16:00:01.398Z,2026-02-25T16:00:01.398Z
699f1c81f44931f6a2367293,,N/A,Unmatched,[object Object],0,2026-02-25T16:00:01.398Z,2026-02-25T16:00:01.398Z
699f1c81f44931f6a2367294,,N/A,Unmatched,[object Object],0,2026-02-25T16:00:01.398Z,2026-02-25T16:00:01.398Z
699f1c81f44931f6a2367295,,N/A,Unmatched,[object Object],0,2026-02-25T16:00:01.398Z,2026-02-25T16:00:01.398Z
699f1cd0f44931f6a236729b,,N/A,Unmatched,[object Object],0,2026-02-25T16:01:20.396Z,2026-02-25T16:01:20.396Z
699f1cd0f44931f6a236729c,,N/A,Unmatched,[object Object],0,2026-02-25T16:01:20.396Z,2026-02-25T16:01:20.396Z
699f1cd0f44931f6a236729d,,N/A,Unmatched,[object Object],0,2026-02-25T16:01:20.396Z,2026-02-25T16:01:20.396Z
699f1cd0f44931f6a236729e,,N/A,Unmatched,[object Object],0,2026-02-25T16:01:20.396Z,2026-02-25T16:01:20.396Z
699f1cd0f44931f6a236729f,,N/A,Unmatched,[object Object],0,2026-02-25T16:01:20.396Z,2026-02-25T16:01:20.396Z
699f1f26a41b80bf75b54683,,N/A,Unmatched,[object Object],0,2026-02-25T16:11:18.189Z,2026-02-25T16:11:18.189Z
699f1f26a41b80bf75b54684,,N/A,Unmatched,[object Object],0,2026-02-25T16:11:18.190Z,2026-02-25T16:11:18.190Z
699f1f26a41b80bf75b54685,,N/A,Unmatched,[object Object],0,2026-02-25T16:11:18.190Z,2026-02-25T16:11:18.190Z
699f1f26a41b80bf75b54686,,N/A,Unmatched,[object Object],0,2026-02-25T16:11:18.190Z,2026-02-25T16:11:18.190Z
699f1f26a41b80bf75b54687,,N/A,Unmatched,[object Object],0,2026-02-25T16:11:18.190Z,2026-02-25T16:11:18.190Z
699f1f61a41b80bf75b5468b,,N/A,Unmatched,[object Object],0,2026-02-25T16:12:17.203Z,2026-02-25T16:12:17.203Z
699f1f61a41b80bf75b5468c,,N/A,Unmatched,[object Object],0,2026-02-25T16:12:17.203Z,2026-02-25T16:12:17.203Z
699f1f61a41b80bf75b5468d,,N/A,Unmatched,[object Object],0,2026-02-25T16:12:17.203Z,2026-02-25T16:12:17.203Z
699f1f61a41b80bf75b5468e,,N/A,Unmatched,[object Object],0,2026-02-25T16:12:17.203Z,2026-02-25T16:12:17.203Z
699f1f61a41b80bf75b5468f,,N/A,Unmatched,[object Object],0,2026-02-25T16:12:17.203Z,2026-02-25T16:12:17.203Z
699f262ed3a106148171018d,,N/A,Unmatched,[object Object],0,2026-02-25T16:41:18.481Z,2026-02-25T16:41:18.481Z
699f262ed3a106148171018e,,N/A,Unmatched,[object Object],0,2026-02-25T16:41:18.483Z,2026-02-25T16:41:18.483Z
699f262ed3a106148171018f,,N/A,Unmatched,[object Object],0,2026-02-25T16:41:18.483Z,2026-02-25T16:41:18.483Z
699f262ed3a1061481710190,,N/A,Unmatched,[object Object],0,2026-02-25T16:41:18.483Z,2026-02-25T16:41:18.483Z
699f262ed3a1061481710191,,N/A,Unmatched,[object Object],0,2026-02-25T16:41:18.484Z,2026-02-25T16:41:18.484Z
699f2771d3a1061481710195,,TX001,Unmatched,[object Object],0,2026-02-25T16:46:41.093Z,2026-02-25T16:46:41.093Z
699f2771d3a1061481710196,,TX002,Unmatched,[object Object],0,2026-02-25T16:46:41.093Z,2026-02-25T16:46:41.093Z
699f2771d3a1061481710197,,TX002,Unmatched,[object Object],0,2026-02-25T16:46:41.093Z,2026-02-25T16:46:41.093Z
699f2771d3a1061481710198,,TX003,Unmatched,[object Object],0,2026-02-25T16:46:41.093Z,2026-02-25T16:46:41.093Z
699f2771d3a1061481710199,,TX004,Unmatched,[object Object],0,2026-02-25T16:46:41.093Z,2026-02-25T16:46:41.093Z
699f2771d3a106148171019a,,TX005,Unmatched,[object Object],0,2026-02-25T16:46:41.094Z,2026-02-25T16:46:41.094Z
699f2771d3a106148171019b,,TX006,Unmatched,[object Object],0,2026-02-25T16:46:41.094Z,2026-02-25T16:46:41.094Z
699f2771d3a106148171019c,,TX007,Unmatched,[object Object],0,2026-02-25T16:46:41.094Z,2026-02-25T16:46:41.094Z
699f2783d3a10614817101a0,,TX001,Unmatched,[object Object],0,2026-02-25T16:46:59.999Z,2026-02-25T16:46:59.999Z
699f2783d3a10614817101a1,,TX002,Unmatched,[object Object],0,2026-02-25T16:46:59.999Z,2026-02-25T16:46:59.999Z
699f2783d3a10614817101a2,,TX002,Unmatched,[object Object],0,2026-02-25T16:46:59.999Z,2026-02-25T16:46:59.999Z
699f2783d3a10614817101a3,,TX003,Unmatched,[object Object],0,2026-02-25T16:46:59.999Z,2026-02-25T16:46:59.999Z
699f2783d3a10614817101a4,,TX004,Unmatched,[object Object],0,2026-02-25T16:46:59.999Z,2026-02-25T16:46:59.999Z
699f2783d3a10614817101a5,,TX005,Unmatched,[object Object],0,2026-02-25T16:46:59.999Z,2026-02-25T16:46:59.999Z
699f2783d3a10614817101a6,,TX006,Unmatched,[object Object],0,2026-02-25T16:46:59.999Z,2026-02-25T16:46:59.999Z
699f2783d3a10614817101a7,,TX007,Unmatched,[object Object],0,2026-02-25T16:47:00.000Z,2026-02-25T16:47:00.000Z
699f29ed4cbd8122f53fad9a,,TX001,Unmatched,[object Object],0,2026-02-25T16:57:17.149Z,2026-02-25T16:57:17.149Z
699f29ed4cbd8122f53fad9b,,TX002,Unmatched,[object Object],0,2026-02-25T16:57:17.151Z,2026-02-25T16:57:17.151Z
699f29ed4cbd8122f53fad9c,,TX002,Unmatched,[object Object],0,2026-02-25T16:57:17.151Z,2026-02-25T16:57:17.151Z
699f29ed4cbd8122f53fad9d,,TX003,Unmatched,[object Object],0,2026-02-25T16:57:17.151Z,2026-02-25T16:57:17.151Z
699f29ed4cbd8122f53fad9e,,TX004,Unmatched,[object Object],0,2026-02-25T16:57:17.151Z,2026-02-25T16:57:17.151Z
699f29ed4cbd8122f53fad9f,,TX005,Unmatched,[object Object],0,2026-02-25T16:57:17.151Z,2026-02-25T16:57:17.151Z
699f29ed4cbd8122f53fada0,,TX006,Unmatched,[object Object],0,2026-02-25T16:57:17.152Z,2026-02-25T16:57:17.152Z
699f29ed4cbd8122f53fada1,,TX007,Unmatched,[object Object],0,2026-02-25T16:57:17.152Z,2026-02-25T16:57:17.152Z
699f2bff97b646faaf618efe,,TX001,Unmatched,[object Object],0,2026-02-25T17:06:07.972Z,2026-02-25T17:06:07.972Z
699f2bff97b646faaf618eff,,TX002,Unmatched,[object Object],0,2026-02-25T17:06:07.976Z,2026-02-25T17:06:07.976Z
699f2bff97b646faaf618f00,,TX002,Unmatched,[object Object],0,2026-02-25T17:06:07.976Z,2026-02-25T17:06:07.976Z
699f2bff97b646faaf618f01,,TX003,Unmatched,[object Object],0,2026-02-25T17:06:07.976Z,2026-02-25T17:06:07.976Z
699f2bff97b646faaf618f02,,TX004,Unmatched,[object Object],0,2026-02-25T17:06:07.976Z,2026-02-25T17:06:07.976Z
699f2bff97b646faaf618f03,,TX005,Unmatched,[object Object],0,2026-02-25T17:06:07.976Z,2026-02-25T17:06:07.976Z
699f2bff97b646faaf618f04,,TX006,Unmatched,[object Object],0,2026-02-25T17:06:07.976Z,2026-02-25T17:06:07.976Z
699f2bff97b646faaf618f05,,TX007,Unmatched,[object Object],0,2026-02-25T17:06:07.976Z,2026-02-25T17:06:07.976Z
699f2c3497b646faaf618f0b,,TX001,Unmatched,[object Object],0,2026-02-25T17:07:00.792Z,2026-02-25T17:07:00.792Z
699f2c3497b646faaf618f0c,,TX002,Unmatched,[object Object],0,2026-02-25T17:07:00.792Z,2026-02-25T17:07:00.792Z
699f2c3497b646faaf618f0d,,TX002,Unmatched,[object Object],0,2026-02-25T17:07:00.792Z,2026-02-25T17:07:00.792Z
699f2c3497b646faaf618f0e,,TX003,Unmatched,[object Object],0,2026-02-25T17:07:00.792Z,2026-02-25T17:07:00.792Z
699f2c3497b646faaf618f0f,,TX004,Unmatched,[object Object],0,2026-02-25T17:07:00.792Z,2026-02-25T17:07:00.792Z
699f2c3497b646faaf618f10,,TX005,Unmatched,[object Object],0,2026-02-25T17:07:00.792Z,2026-02-25T17:07:00.792Z
699f2c3497b646faaf618f11,,TX006,Unmatched,[object Object],0,2026-02-25T17:07:00.792Z,2026-02-25T17:07:00.792Z
699f2c3497b646faaf618f12,,TX007,Unmatched,[object Object],0,2026-02-25T17:07:00.792Z,2026-02-25T17:07:00.792Z
699f2f2197b646faaf618f18,,TX001,Unmatched,[object Object],0,2026-02-25T17:19:29.365Z,2026-02-25T17:19:29.365Z
699f2f2197b646faaf618f19,,TX002,Unmatched,[object Object],0,2026-02-25T17:19:29.365Z,2026-02-25T17:19:29.365Z
699f2f2197b646faaf618f1a,,TX002,Unmatched,[object Object],0,2026-02-25T17:19:29.365Z,2026-02-25T17:19:29.365Z
699f2f2197b646faaf618f1b,,TX003,Unmatched,[object Object],0,2026-02-25T17:19:29.365Z,2026-02-25T17:19:29.365Z
699f2f2197b646faaf618f1c,,TX004,Unmatched,[object Object],0,2026-02-25T17:19:29.366Z,2026-02-25T17:19:29.366Z
699f2f2197b646faaf618f1d,,TX005,Unmatched,[object Object],0,2026-02-25T17:19:29.366Z,2026-02-25T17:19:29.366Z
699f2f2197b646faaf618f1e,,TX006,Unmatched,[object Object],0,2026-02-25T17:19:29.366Z,2026-02-25T17:19:29.366Z
699f2f2197b646faaf618f1f,,TX007,Unmatched,[object Object],0,2026-02-25T17:19:29.366Z,2026-02-25T17:19:29.366Z
69a0676e37908cae2c38762e,,TX001,Unmatched,[object Object],69a0676e37908cae2c38762c,0,2026-02-26T15:31:58.356Z,2026-02-26T15:31:58.356Z
69a0676e37908cae2c38762f,,TX002,Unmatched,[object Object],69a0676e37908cae2c38762c,0,2026-02-26T15:31:58.356Z,2026-02-26T15:31:58.356Z
69a0676e37908cae2c387630,,TX002,Unmatched,[object Object],69a0676e37908cae2c38762c,0,2026-02-26T15:31:58.356Z,2026-02-26T15:31:58.356Z
69a0676e37908cae2c387631,,TX003,Unmatched,[object Object],69a0676e37908cae2c38762c,0,2026-02-26T15:31:58.356Z,2026-02-26T15:31:58.356Z
69a0676e37908cae2c387632,,TX004,Unmatched,[object Object],69a0676e37908cae2c38762c,0,2026-02-26T15:31:58.356Z,2026-02-26T15:31:58.356Z
69a0676e37908cae2c387633,,TX005,Unmatched,[object Object],69a0676e37908cae2c38762c,0,2026-02-26T15:31:58.356Z,2026-02-26T15:31:58.356Z
69a0676e37908cae2c387634,,TX006,Unmatched,[object Object],69a0676e37908cae2c38762c,0,2026-02-26T15:31:58.356Z,2026-02-26T15:31:58.356Z
69a0676e37908cae2c387635,,TX007,Unmatched,[object Object],69a0676e37908cae2c38762c,0,2026-02-26T15:31:58.356Z,2026-02-26T15:31:58.356Z
69a0678437908cae2c38763e,,N/A,Unmatched,[object Object],69a0678437908cae2c38763c,0,2026-02-26T15:32:20.387Z,2026-02-26T15:32:20.387Z
69a0678437908cae2c38763f,,N/A,Unmatched,[object Object],69a0678437908cae2c38763c,0,2026-02-26T15:32:20.388Z,2026-02-26T15:32:20.388Z
69a0678437908cae2c387640,,N/A,Unmatched,[object Object],69a0678437908cae2c38763c,0,2026-02-26T15:32:20.388Z,2026-02-26T15:32:20.388Z
69a0678437908cae2c387641,,N/A,Unmatched,[object Object],69a0678437908cae2c38763c,0,2026-02-26T15:32:20.388Z,2026-02-26T15:32:20.388Z
69a0678437908cae2c387642,,N/A,Unmatched,[object Object],69a0678437908cae2c38763c,0,2026-02-26T15:32:20.388Z,2026-02-26T15:32:20.388Z
69a06bdbdbe3d38bb1932c2a,,TX001,Unmatched,[object Object],69a06bdbdbe3d38bb1932c28,0,2026-02-26T15:50:51.212Z,2026-02-26T15:50:51.212Z
69a06bdbdbe3d38bb1932c2b,,TX002,Unmatched,[object Object],69a06bdbdbe3d38bb1932c28,0,2026-02-26T15:50:51.213Z,2026-02-26T15:50:51.213Z
69a06bdbdbe3d38bb1932c2c,,TX002,Unmatched,[object Object],69a06bdbdbe3d38bb1932c28,0,2026-02-26T15:50:51.213Z,2026-02-26T15:50:51.213Z
69a06bdbdbe3d38bb1932c2d,,TX003,Unmatched,[object Object],69a06bdbdbe3d38bb1932c28,0,2026-02-26T15:50:51.213Z,2026-02-26T15:50:51.213Z
69a06bdbdbe3d38bb1932c2e,,TX004,Unmatched,[object Object],69a06bdbdbe3d38bb1932c28,0,2026-02-26T15:50:51.213Z,2026-02-26T15:50:51.213Z
69a06bdbdbe3d38bb1932c2f,,TX005,Unmatched,[object Object],69a06bdbdbe3d38bb1932c28,0,2026-02-26T15:50:51.213Z,2026-02-26T15:50:51.213Z
69a06bdbdbe3d38bb1932c30,,TX006,Unmatched,[object Object],69a06bdbdbe3d38bb1932c28,0,2026-02-26T15:50:51.213Z,2026-02-26T15:50:51.213Z
69a06bdbdbe3d38bb1932c31,,TX007,Unmatched,[object Object],69a06bdbdbe3d38bb1932c28,0,2026-02-26T15:50:51.213Z,2026-02-26T15:50:51.213Z
69a06da0dbe3d38bb1932c3a,,TX001,Unmatched,[object Object],69a06da0dbe3d38bb1932c38,0,2026-02-26T15:58:24.447Z,2026-02-26T15:58:24.447Z
69a06da0dbe3d38bb1932c3b,,TX002,Unmatched,[object Object],69a06da0dbe3d38bb1932c38,0,2026-02-26T15:58:24.447Z,2026-02-26T15:58:24.447Z
69a06da0dbe3d38bb1932c3c,,TX002,Unmatched,[object Object],69a06da0dbe3d38bb1932c38,0,2026-02-26T15:58:24.447Z,2026-02-26T15:58:24.447Z
69a06da0dbe3d38bb1932c3d,,TX003,Unmatched,[object Object],69a06da0dbe3d38bb1932c38,0,2026-02-26T15:58:24.447Z,2026-02-26T15:58:24.447Z
69a06da0dbe3d38bb1932c3e,,TX004,Unmatched,[object Object],69a06da0dbe3d38bb1932c38,0,2026-02-26T15:58:24.447Z,2026-02-26T15:58:24.447Z
69a06da0dbe3d38bb1932c3f,,TX005,Unmatched,[object Object],69a06da0dbe3d38bb1932c38,0,2026-02-26T15:58:24.447Z,2026-02-26T15:58:24.447Z
69a06da0dbe3d38bb1932c40,,TX006,Unmatched,[object Object],69a06da0dbe3d38bb1932c38,0,2026-02-26T15:58:24.447Z,2026-02-26T15:58:24.447Z
69a06da0dbe3d38bb1932c41,,TX007,Unmatched,[object Object],69a06da0dbe3d38bb1932c38,0,2026-02-26T15:58:24.447Z,2026-02-26T15:58:24.447Z
69a070ded4e8be0bb909eadd,,TX001,Unmatched,[object Object],69a070ded4e8be0bb909eadb,0,2026-02-26T16:12:14.177Z,2026-02-26T16:12:14.177Z
69a070ded4e8be0bb909eade,,TX002,Unmatched,[object Object],69a070ded4e8be0bb909eadb,0,2026-02-26T16:12:14.177Z,2026-02-26T16:12:14.177Z
69a070ded4e8be0bb909eadf,,TX002,Unmatched,[object Object],69a070ded4e8be0bb909eadb,0,2026-02-26T16:12:14.177Z,2026-02-26T16:12:14.177Z
69a070ded4e8be0bb909eae0,,TX003,Unmatched,[object Object],69a070ded4e8be0bb909eadb,0,2026-02-26T16:12:14.178Z,2026-02-26T16:12:14.178Z
69a070ded4e8be0bb909eae1,,TX004,Unmatched,[object Object],69a070ded4e8be0bb909eadb,0,2026-02-26T16:12:14.178Z,2026-02-26T16:12:14.178Z
69a070ded4e8be0bb909eae2,,TX005,Unmatched,[object Object],69a070ded4e8be0bb909eadb,0,2026-02-26T16:12:14.178Z,2026-02-26T16:12:14.178Z
69a070ded4e8be0bb909eae3,,TX006,Unmatched,[object Object],69a070ded4e8be0bb909eadb,0,2026-02-26T16:12:14.178Z,2026-02-26T16:12:14.178Z
69a070ded4e8be0bb909eae4,,TX007,Unmatched,[object Object],69a070ded4e8be0bb909eadb,0,2026-02-26T16:12:14.178Z,2026-02-26T16:12:14.178Z
69a07332d4e8be0bb909eb1b,,TX001,Unmatched,[object Object],69a07332d4e8be0bb909eb19,0,2026-02-26T16:22:10.949Z,2026-02-26T16:22:10.949Z
69a07332d4e8be0bb909eb1c,,TX002,Unmatched,[object Object],69a07332d4e8be0bb909eb19,0,2026-02-26T16:22:10.949Z,2026-02-26T16:22:10.949Z
69a07332d4e8be0bb909eb1d,,TX002,Unmatched,[object Object],69a07332d4e8be0bb909eb19,0,2026-02-26T16:22:10.949Z,2026-02-26T16:22:10.949Z
69a07332d4e8be0bb909eb1e,,TX003,Unmatched,[object Object],69a07332d4e8be0bb909eb19,0,2026-02-26T16:22:10.949Z,2026-02-26T16:22:10.949Z
69a07332d4e8be0bb909eb1f,,TX004,Unmatched,[object Object],69a07332d4e8be0bb909eb19,0,2026-02-26T16:22:10.949Z,2026-02-26T16:22:10.949Z
69a07332d4e8be0bb909eb20,,TX005,Unmatched,[object Object],69a07332d4e8be0bb909eb19,0,2026-02-26T16:22:10.949Z,2026-02-26T16:22:10.949Z
69a07332d4e8be0bb909eb21,,TX006,Unmatched,[object Object],69a07332d4e8be0bb909eb19,0,2026-02-26T16:22:10.949Z,2026-02-26T16:22:10.949Z
69a07332d4e8be0bb909eb22,,TX007,Unmatched,[object Object],69a07332d4e8be0bb909eb19,0,2026-02-26T16:22:10.949Z,2026-02-26T16:22:10.949Z
69a07393d4e8be0bb909eb2f,,TX001,Unmatched,[object Object],69a07393d4e8be0bb909eb2d,0,2026-02-26T16:23:47.022Z,2026-02-26T16:23:47.022Z
69a07393d4e8be0bb909eb30,,TX002,Unmatched,[object Object],69a07393d4e8be0bb909eb2d,0,2026-02-26T16:23:47.022Z,2026-02-26T16:23:47.022Z
69a07393d4e8be0bb909eb31,,TX002,Unmatched,[object Object],69a07393d4e8be0bb909eb2d,0,2026-02-26T16:23:47.022Z,2026-02-26T16:23:47.022Z
69a07393d4e8be0bb909eb32,,TX003,Unmatched,[object Object],69a07393d4e8be0bb909eb2d,0,2026-02-26T16:23:47.022Z,2026-02-26T16:23:47.022Z
69a07393d4e8be0bb909eb33,,TX004,Unmatched,[object Object],69a07393d4e8be0bb909eb2d,0,2026-02-26T16:23:47.022Z,2026-02-26T16:23:47.022Z
69a07393d4e8be0bb909eb34,,TX005,Unmatched,[object Object],69a07393d4e8be0bb909eb2d,0,2026-02-26T16:23:47.022Z,2026-02-26T16:23:47.022Z
69a07393d4e8be0bb909eb35,,TX006,Unmatched,[object Object],69a07393d4e8be0bb909eb2d,0,2026-02-26T16:23:47.022Z,2026-02-26T16:23:47.022Z
69a07393d4e8be0bb909eb36,,TX007,Unmatched,[object Object],69a07393d4e8be0bb909eb2d,0,2026-02-26T16:23:47.022Z,2026-02-26T16:23:47.022Z
69a073c7d4e8be0bb909eb3f,,N/A,Unmatched,[object Object],69a073c7d4e8be0bb909eb3d,0,2026-02-26T16:24:39.081Z,2026-02-26T16:24:39.081Z
69a073c7d4e8be0bb909eb40,,N/A,Unmatched,[object Object],69a073c7d4e8be0bb909eb3d,0,2026-02-26T16:24:39.081Z,2026-02-26T16:24:39.081Z
69a073c7d4e8be0bb909eb41,,N/A,Unmatched,[object Object],69a073c7d4e8be0bb909eb3d,0,2026-02-26T16:24:39.081Z,2026-02-26T16:24:39.081Z
69a073c7d4e8be0bb909eb42,,N/A,Unmatched,[object Object],69a073c7d4e8be0bb909eb3d,0,2026-02-26T16:24:39.081Z,2026-02-26T16:24:39.081Z
69a073c7d4e8be0bb909eb43,,N/A,Unmatched,[object Object],69a073c7d4e8be0bb909eb3d,0,2026-02-26T16:24:39.081Z,2026-02-26T16:24:39.081Z
69a0790dd4e8be0bb909eb4c,,TX001,Unmatched,[object Object],69a0790dd4e8be0bb909eb4a,0,2026-02-26T16:47:09.123Z,2026-02-26T16:47:09.123Z
69a0790dd4e8be0bb909eb4d,,TX002,Unmatched,[object Object],69a0790dd4e8be0bb909eb4a,0,2026-02-26T16:47:09.123Z,2026-02-26T16:47:09.123Z
69a0790dd4e8be0bb909eb4e,,TX002,Unmatched,[object Object],69a0790dd4e8be0bb909eb4a,0,2026-02-26T16:47:09.123Z,2026-02-26T16:47:09.123Z
69a0790dd4e8be0bb909eb4f,,TX003,Unmatched,[object Object],69a0790dd4e8be0bb909eb4a,0,2026-02-26T16:47:09.123Z,2026-02-26T16:47:09.123Z
69a0790dd4e8be0bb909eb50,,TX004,Unmatched,[object Object],69a0790dd4e8be0bb909eb4a,0,2026-02-26T16:47:09.123Z,2026-02-26T16:47:09.123Z
69a0790dd4e8be0bb909eb51,,TX005,Unmatched,[object Object],69a0790dd4e8be0bb909eb4a,0,2026-02-26T16:47:09.123Z,2026-02-26T16:47:09.123Z
69a0790dd4e8be0bb909eb52,,TX006,Unmatched,[object Object],69a0790dd4e8be0bb909eb4a,0,2026-02-26T16:47:09.123Z,2026-02-26T16:47:09.123Z
69a0790dd4e8be0bb909eb53,,TX007,Unmatched,[object Object],69a0790dd4e8be0bb909eb4a,0,2026-02-26T16:47:09.123Z,2026-02-26T16:47:09.123Z
69a07b3cd4e8be0bb909eb61,,TX001,Unmatched,[object Object],69a07b3cd4e8be0bb909eb5f,0,2026-02-26T16:56:28.988Z,2026-02-26T16:56:28.988Z
69a07b3cd4e8be0bb909eb62,,TX002,Unmatched,[object Object],69a07b3cd4e8be0bb909eb5f,0,2026-02-26T16:56:28.989Z,2026-02-26T16:56:28.989Z
69a07b3cd4e8be0bb909eb63,,TX002,Unmatched,[object Object],69a07b3cd4e8be0bb909eb5f,0,2026-02-26T16:56:28.989Z,2026-02-26T16:56:28.989Z
69a07b3cd4e8be0bb909eb64,,TX003,Unmatched,[object Object],69a07b3cd4e8be0bb909eb5f,0,2026-02-26T16:56:28.989Z,2026-02-26T16:56:28.989Z
69a07b3cd4e8be0bb909eb65,,TX004,Unmatched,[object Object],69a07b3cd4e8be0bb909eb5f,0,2026-02-26T16:56:28.989Z,2026-02-26T16:56:28.989Z
69a07b3cd4e8be0bb909eb66,,TX005,Unmatched,[object Object],69a07b3cd4e8be0bb909eb5f,0,2026-02-26T16:56:28.989Z,2026-02-26T16:56:28.989Z
69a07b3cd4e8be0bb909eb67,,TX006,Unmatched,[object Object],69a07b3cd4e8be0bb909eb5f,0,2026-02-26T16:56:28.989Z,2026-02-26T16:56:28.989Z
69a07b3cd4e8be0bb909eb68,,TX007,Unmatched,[object Object],69a07b3cd4e8be0bb909eb5f,0,2026-02-26T16:56:28.989Z,2026-02-26T16:56:28.989Z
69a1b1d6370db5eacb50e877,,TX001,Unmatched,[object Object],69a1b1d6370db5eacb50e875,0,2026-02-27T15:01:42.114Z,2026-02-27T15:01:42.114Z
69a1b1d6370db5eacb50e878,,TX002,Unmatched,[object Object],69a1b1d6370db5eacb50e875,0,2026-02-27T15:01:42.114Z,2026-02-27T15:01:42.114Z
69a1b1d6370db5eacb50e879,,TX002,Unmatched,[object Object],69a1b1d6370db5eacb50e875,0,2026-02-27T15:01:42.114Z,2026-02-27T15:01:42.114Z
69a1b1d6370db5eacb50e87a,,TX003,Unmatched,[object Object],69a1b1d6370db5eacb50e875,0,2026-02-27T15:01:42.114Z,2026-02-27T15:01:42.114Z
69a1b1d6370db5eacb50e87b,,TX004,Unmatched,[object Object],69a1b1d6370db5eacb50e875,0,2026-02-27T15:01:42.114Z,2026-02-27T15:01:42.114Z
69a1b1d6370db5eacb50e87c,,TX005,Unmatched,[object Object],69a1b1d6370db5eacb50e875,0,2026-02-27T15:01:42.114Z,2026-02-27T15:01:42.114Z
69a1b1d6370db5eacb50e87d,,TX006,Unmatched,[object Object],69a1b1d6370db5eacb50e875,0,2026-02-27T15:01:42.114Z,2026-02-27T15:01:42.114Z
69a1b1d6370db5eacb50e87e,,TX007,Unmatched,[object Object],69a1b1d6370db5eacb50e875,0,2026-02-27T15:01:42.114Z,2026-02-27T15:01:42.114Z
69a1b98494c94ec480a7458d,,TX001,Unmatched,[object Object],69a1b98494c94ec480a7458b,0,2026-02-27T15:34:28.784Z,2026-02-27T15:34:28.784Z
69a1b98494c94ec480a7458e,,TX002,Unmatched,[object Object],69a1b98494c94ec480a7458b,0,2026-02-27T15:34:28.784Z,2026-02-27T15:34:28.784Z
69a1b98494c94ec480a7458f,,TX002,Unmatched,[object Object],69a1b98494c94ec480a7458b,0,2026-02-27T15:34:28.784Z,2026-02-27T15:34:28.784Z
69a1b98494c94ec480a74590,,TX003,Unmatched,[object Object],69a1b98494c94ec480a7458b,0,2026-02-27T15:34:28.784Z,2026-02-27T15:34:28.784Z
69a1b98494c94ec480a74591,,TX004,Unmatched,[object Object],69a1b98494c94ec480a7458b,0,2026-02-27T15:34:28.784Z,2026-02-27T15:34:28.784Z
69a1b98494c94ec480a74592,,TX005,Unmatched,[object Object],69a1b98494c94ec480a7458b,0,2026-02-27T15:34:28.785Z,2026-02-27T15:34:28.785Z
69a1b98494c94ec480a74593,,TX006,Unmatched,[object Object],69a1b98494c94ec480a7458b,0,2026-02-27T15:34:28.785Z,2026-02-27T15:34:28.785Z
69a1b98494c94ec480a74594,,TX007,Unmatched,[object Object],69a1b98494c94ec480a7458b,0,2026-02-27T15:34:28.785Z,2026-02-27T15:34:28.785Z
69a1bd6294c94ec480a745ef,,TX001,Unmatched,[object Object],69a1bd6294c94ec480a745ed,0,2026-02-27T15:50:58.265Z,2026-02-27T15:50:58.265Z
69a1bd6294c94ec480a745f0,,TX002,Unmatched,[object Object],69a1bd6294c94ec480a745ed,0,2026-02-27T15:50:58.265Z,2026-02-27T15:50:58.265Z
69a1bd6294c94ec480a745f1,,TX002,Unmatched,[object Object],69a1bd6294c94ec480a745ed,0,2026-02-27T15:50:58.265Z,2026-02-27T15:50:58.265Z
69a1bd6294c94ec480a745f2,,TX003,Unmatched,[object Object],69a1bd6294c94ec480a745ed,0,2026-02-27T15:50:58.265Z,2026-02-27T15:50:58.265Z
69a1bd6294c94ec480a745f3,,TX004,Unmatched,[object Object],69a1bd6294c94ec480a745ed,0,2026-02-27T15:50:58.265Z,2026-02-27T15:50:58.265Z
69a1bd6294c94ec480a745f4,,TX005,Unmatched,[object Object],69a1bd6294c94ec480a745ed,0,2026-02-27T15:50:58.265Z,2026-02-27T15:50:58.265Z
69a1bd6294c94ec480a745f5,,TX006,Unmatched,[object Object],69a1bd6294c94ec480a745ed,0,2026-02-27T15:50:58.265Z,2026-02-27T15:50:58.265Z
69a1bd6294c94ec480a745f6,,TX007,Unmatched,[object Object],69a1bd6294c94ec480a745ed,0,2026-02-27T15:50:58.265Z,2026-02-27T15:50:58.265Z
69a1beaa94c94ec480a745ff,,TX001,Unmatched,[object Object],69a1beaa94c94ec480a745fd,0,2026-02-27T15:56:26.346Z,2026-02-27T15:56:26.346Z
69a1beaa94c94ec480a74600,,TX002,Unmatched,[object Object],69a1beaa94c94ec480a745fd,0,2026-02-27T15:56:26.346Z,2026-02-27T15:56:26.346Z
69a1beaa94c94ec480a74601,,TX002,Unmatched,[object Object],69a1beaa94c94ec480a745fd,0,2026-02-27T15:56:26.346Z,2026-02-27T15:56:26.346Z
69a1beaa94c94ec480a74602,,TX003,Unmatched,[object Object],69a1beaa94c94ec480a745fd,0,2026-02-27T15:56:26.346Z,2026-02-27T15:56:26.346Z
69a1beaa94c94ec480a74603,,TX004,Unmatched,[object Object],69a1beaa94c94ec480a745fd,0,2026-02-27T15:56:26.346Z,2026-02-27T15:56:26.346Z
69a1beaa94c94ec480a74604,,TX005,Unmatched,[object Object],69a1beaa94c94ec480a745fd,0,2026-02-27T15:56:26.346Z,2026-02-27T15:56:26.346Z
69a1beaa94c94ec480a74605,,TX006,Unmatched,[object Object],69a1beaa94c94ec480a745fd,0,2026-02-27T15:56:26.346Z,2026-02-27T15:56:26.346Z
69a1beaa94c94ec480a74606,,TX007,Unmatched,[object Object],69a1beaa94c94ec480a745fd,0,2026-02-27T15:56:26.346Z,2026-02-27T15:56:26.346Z
69a1c0185ca0d62f5560e4c4,,TX001,Unmatched,[object Object],69a1c0185ca0d62f5560e4c2,0,2026-02-27T16:02:32.285Z,2026-02-27T16:02:32.285Z
69a1c0185ca0d62f5560e4c5,,TX002,Unmatched,[object Object],69a1c0185ca0d62f5560e4c2,0,2026-02-27T16:02:32.285Z,2026-02-27T16:02:32.285Z
69a1c0185ca0d62f5560e4c6,,TX002,Unmatched,[object Object],69a1c0185ca0d62f5560e4c2,0,2026-02-27T16:02:32.285Z,2026-02-27T16:02:32.285Z
69a1c0185ca0d62f5560e4c7,,TX003,Unmatched,[object Object],69a1c0185ca0d62f5560e4c2,0,2026-02-27T16:02:32.285Z,2026-02-27T16:02:32.285Z
69a1c0185ca0d62f5560e4c8,,TX004,Unmatched,[object Object],69a1c0185ca0d62f5560e4c2,0,2026-02-27T16:02:32.285Z,2026-02-27T16:02:32.285Z
69a1c0185ca0d62f5560e4c9,,TX005,Unmatched,[object Object],69a1c0185ca0d62f5560e4c2,0,2026-02-27T16:02:32.285Z,2026-02-27T16:02:32.285Z
69a1c0185ca0d62f5560e4ca,,TX006,Unmatched,[object Object],69a1c0185ca0d62f5560e4c2,0,2026-02-27T16:02:32.285Z,2026-02-27T16:02:32.285Z
69a1c0185ca0d62f5560e4cb,,TX007,Unmatched,[object Object],69a1c0185ca0d62f5560e4c2,0,2026-02-27T16:02:32.285Z,2026-02-27T16:02:32.285Z
69a1c1ce471be63e82bb7706,,TX001,Unmatched,[object Object],69a1c1ce471be63e82bb7704,0,2026-02-27T16:09:50.358Z,2026-02-27T16:09:50.358Z
69a1c1ce471be63e82bb7707,,TX002,Unmatched,[object Object],69a1c1ce471be63e82bb7704,0,2026-02-27T16:09:50.358Z,2026-02-27T16:09:50.358Z
69a1c1ce471be63e82bb7708,,TX002,Unmatched,[object Object],69a1c1ce471be63e82bb7704,0,2026-02-27T16:09:50.359Z,2026-02-27T16:09:50.359Z
69a1c1ce471be63e82bb7709,,TX003,Unmatched,[object Object],69a1c1ce471be63e82bb7704,0,2026-02-27T16:09:50.359Z,2026-02-27T16:09:50.359Z
69a1c1ce471be63e82bb770a,,TX004,Unmatched,[object Object],69a1c1ce471be63e82bb7704,0,2026-02-27T16:09:50.359Z,2026-02-27T16:09:50.359Z
69a1c1ce471be63e82bb770b,,TX005,Unmatched,[object Object],69a1c1ce471be63e82bb7704,0,2026-02-27T16:09:50.359Z,2026-02-27T16:09:50.359Z
69a1c1ce471be63e82bb770c,,TX006,Unmatched,[object Object],69a1c1ce471be63e82bb7704,0,2026-02-27T16:09:50.359Z,2026-02-27T16:09:50.359Z
69a1c1ce471be63e82bb770d,,TX007,Unmatched,[object Object],69a1c1ce471be63e82bb7704,0,2026-02-27T16:09:50.359Z,2026-02-27T16:09:50.359Z
69a1c3be1a83bafc66d7f353,,TX001,Unmatched,[object Object],69a1c3be1a83bafc66d7f351,0,2026-02-27T16:18:06.979Z,2026-02-27T16:18:06.979Z
69a1c3be1a83bafc66d7f354,,TX002,Unmatched,[object Object],69a1c3be1a83bafc66d7f351,0,2026-02-27T16:18:06.980Z,2026-02-27T16:18:06.980Z
69a1c3be1a83bafc66d7f355,,TX002,Unmatched,[object Object],69a1c3be1a83bafc66d7f351,0,2026-02-27T16:18:06.980Z,2026-02-27T16:18:06.980Z
69a1c3be1a83bafc66d7f356,,TX003,Unmatched,[object Object],69a1c3be1a83bafc66d7f351,0,2026-02-27T16:18:06.980Z,2026-02-27T16:18:06.980Z
69a1c3be1a83bafc66d7f357,,TX004,Unmatched,[object Object],69a1c3be1a83bafc66d7f351,0,2026-02-27T16:18:06.980Z,2026-02-27T16:18:06.980Z
69a1c3be1a83bafc66d7f358,,TX005,Unmatched,[object Object],69a1c3be1a83bafc66d7f351,0,2026-02-27T16:18:06.980Z,2026-02-27T16:18:06.980Z
69a1c3be1a83bafc66d7f359,,TX006,Unmatched,[object Object],69a1c3be1a83bafc66d7f351,0,2026-02-27T16:18:06.980Z,2026-02-27T16:18:06.980Z
69a1c3be1a83bafc66d7f35a,,TX007,Unmatched,[object Object],69a1c3be1a83bafc66d7f351,0,2026-02-27T16:18:06.980Z,2026-02-27T16:18:06.980Z
69a1c4001a83bafc66d7f363,,TX001,Unmatched,[object Object],69a1c4001a83bafc66d7f361,0,2026-02-27T16:19:12.180Z,2026-02-27T16:19:12.180Z
69a1c4001a83bafc66d7f364,,TX002,Unmatched,[object Object],69a1c4001a83bafc66d7f361,0,2026-02-27T16:19:12.180Z,2026-02-27T16:19:12.180Z
69a1c4001a83bafc66d7f365,,TX002,Unmatched,[object Object],69a1c4001a83bafc66d7f361,0,2026-02-27T16:19:12.180Z,2026-02-27T16:19:12.180Z
69a1c4001a83bafc66d7f366,,TX003,Unmatched,[object Object],69a1c4001a83bafc66d7f361,0,2026-02-27T16:19:12.180Z,2026-02-27T16:19:12.180Z
69a1c4001a83bafc66d7f367,,TX004,Unmatched,[object Object],69a1c4001a83bafc66d7f361,0,2026-02-27T16:19:12.180Z,2026-02-27T16:19:12.180Z
69a1c4001a83bafc66d7f368,,TX005,Unmatched,[object Object],69a1c4001a83bafc66d7f361,0,2026-02-27T16:19:12.180Z,2026-02-27T16:19:12.180Z
69a1c4001a83bafc66d7f369,,TX006,Unmatched,[object Object],69a1c4001a83bafc66d7f361,0,2026-02-27T16:19:12.180Z,2026-02-27T16:19:12.180Z
69a1c4001a83bafc66d7f36a,,TX007,Unmatched,[object Object],69a1c4001a83bafc66d7f361,0,2026-02-27T16:19:12.180Z,2026-02-27T16:19:12.180Z
69a1c5c46b0585435b454a87,,TX001,Unmatched,[object Object],69a1c5c46b0585435b454a85,0,2026-02-27T16:26:44.030Z,2026-02-27T16:26:44.030Z
69a1c5c46b0585435b454a88,,TX002,Unmatched,[object Object],69a1c5c46b0585435b454a85,0,2026-02-27T16:26:44.030Z,2026-02-27T16:26:44.030Z
69a1c5c46b0585435b454a89,,TX002,Unmatched,[object Object],69a1c5c46b0585435b454a85,0,2026-02-27T16:26:44.030Z,2026-02-27T16:26:44.030Z
69a1c5c46b0585435b454a8a,,TX003,Unmatched,[object Object],69a1c5c46b0585435b454a85,0,2026-02-27T16:26:44.030Z,2026-02-27T16:26:44.030Z
69a1c5c46b0585435b454a8b,,TX004,Unmatched,[object Object],69a1c5c46b0585435b454a85,0,2026-02-27T16:26:44.030Z,2026-02-27T16:26:44.030Z
69a1c5c46b0585435b454a8c,,TX005,Unmatched,[object Object],69a1c5c46b0585435b454a85,0,2026-02-27T16:26:44.030Z,2026-02-27T16:26:44.030Z
69a1c5c46b0585435b454a8d,,TX006,Unmatched,[object Object],69a1c5c46b0585435b454a85,0,2026-02-27T16:26:44.030Z,2026-02-27T16:26:44.030Z
69a1c5c46b0585435b454a8e,,TX007,Unmatched,[object Object],69a1c5c46b0585435b454a85,0,2026-02-27T16:26:44.030Z,2026-02-27T16:26:44.030Z
69a1d67d49bdffecc272bb0e,,TX001,Unmatched,[object Object],69a1d67d49bdffecc272bb0c,0,2026-02-27T17:38:05.085Z,2026-02-27T17:38:05.085Z
69a1d67d49bdffecc272bb0f,,TX002,Unmatched,[object Object],69a1d67d49bdffecc272bb0c,0,2026-02-27T17:38:05.086Z,2026-02-27T17:38:05.086Z
69a1d67d49bdffecc272bb10,,TX002,Unmatched,[object Object],69a1d67d49bdffecc272bb0c,0,2026-02-27T17:38:05.086Z,2026-02-27T17:38:05.086Z
69a1d67d49bdffecc272bb11,,TX003,Unmatched,[object Object],69a1d67d49bdffecc272bb0c,0,2026-02-27T17:38:05.086Z,2026-02-27T17:38:05.086Z
69a1d67d49bdffecc272bb12,,TX004,Unmatched,[object Object],69a1d67d49bdffecc272bb0c,0,2026-02-27T17:38:05.086Z,2026-02-27T17:38:05.086Z
69a1d67d49bdffecc272bb13,,TX005,Unmatched,[object Object],69a1d67d49bdffecc272bb0c,0,2026-02-27T17:38:05.087Z,2026-02-27T17:38:05.087Z
69a1d67d49bdffecc272bb14,,TX006,Unmatched,[object Object],69a1d67d49bdffecc272bb0c,0,2026-02-27T17:38:05.087Z,2026-02-27T17:38:05.087Z
69a1d67d49bdffecc272bb15,,TX007,Unmatched,[object Object],69a1d67d49bdffecc272bb0c,0,2026-02-27T17:38:05.087Z,2026-02-27T17:38:05.087Z
69a1dae549bdffecc272bb28,,TX001,Unmatched,[object Object],69a1dae549bdffecc272bb26,0,2026-02-27T17:56:53.185Z,2026-02-27T17:56:53.185Z
69a1dae549bdffecc272bb29,,TX002,Unmatched,[object Object],69a1dae549bdffecc272bb26,0,2026-02-27T17:56:53.186Z,2026-02-27T17:56:53.186Z
69a1dae549bdffecc272bb2a,,TX002,Unmatched,[object Object],69a1dae549bdffecc272bb26,0,2026-02-27T17:56:53.186Z,2026-02-27T17:56:53.186Z
69a1dae549bdffecc272bb2b,,TX003,Unmatched,[object Object],69a1dae549bdffecc272bb26,0,2026-02-27T17:56:53.186Z,2026-02-27T17:56:53.186Z
69a1dae549bdffecc272bb2c,,TX004,Unmatched,[object Object],69a1dae549bdffecc272bb26,0,2026-02-27T17:56:53.186Z,2026-02-27T17:56:53.186Z
69a1dae549bdffecc272bb2d,,TX005,Unmatched,[object Object],69a1dae549bdffecc272bb26,0,2026-02-27T17:56:53.186Z,2026-02-27T17:56:53.186Z
69a1dae549bdffecc272bb2e,,TX006,Unmatched,[object Object],69a1dae549bdffecc272bb26,0,2026-02-27T17:56:53.186Z,2026-02-27T17:56:53.186Z
69a1dae549bdffecc272bb2f,,TX007,Unmatched,[object Object],69a1dae549bdffecc272bb26,0,2026-02-27T17:56:53.186Z,2026-02-27T17:56:53.186Z
69a1db1449bdffecc272bb3a,,TX001,Unmatched,[object Object],69a1db1449bdffecc272bb38,0,2026-02-27T17:57:40.278Z,2026-02-27T17:57:40.278Z
69a1db1449bdffecc272bb3b,,TX002,Unmatched,[object Object],69a1db1449bdffecc272bb38,0,2026-02-27T17:57:40.278Z,2026-02-27T17:57:40.278Z
69a1db1449bdffecc272bb3c,,TX002,Unmatched,[object Object],69a1db1449bdffecc272bb38,0,2026-02-27T17:57:40.278Z,2026-02-27T17:57:40.278Z
69a1db1449bdffecc272bb3d,,TX003,Unmatched,[object Object],69a1db1449bdffecc272bb38,0,2026-02-27T17:57:40.278Z,2026-02-27T17:57:40.278Z
69a1db1449bdffecc272bb3e,,TX004,Unmatched,[object Object],69a1db1449bdffecc272bb38,0,2026-02-27T17:57:40.279Z,2026-02-27T17:57:40.279Z
69a1db1449bdffecc272bb3f,,TX005,Unmatched,[object Object],69a1db1449bdffecc272bb38,0,2026-02-27T17:57:40.279Z,2026-02-27T17:57:40.279Z
69a1db1449bdffecc272bb40,,TX006,Unmatched,[object Object],69a1db1449bdffecc272bb38,0,2026-02-27T17:57:40.279Z,2026-02-27T17:57:40.279Z
69a1db1449bdffecc272bb41,,TX007,Unmatched,[object Object],69a1db1449bdffecc272bb38,0,2026-02-27T17:57:40.279Z,2026-02-27T17:57:40.279Z
69a1de1749bdffecc272bb58,,TX001,Unmatched,[object Object],69a1de1749bdffecc272bb56,0,2026-02-27T18:10:31.214Z,2026-02-27T18:10:31.214Z
69a1de1749bdffecc272bb59,,TX002,Unmatched,[object Object],69a1de1749bdffecc272bb56,0,2026-02-27T18:10:31.214Z,2026-02-27T18:10:31.214Z
69a1de1749bdffecc272bb5a,,TX002,Unmatched,[object Object],69a1de1749bdffecc272bb56,0,2026-02-27T18:10:31.214Z,2026-02-27T18:10:31.214Z
69a1de1749bdffecc272bb5b,,TX003,Unmatched,[object Object],69a1de1749bdffecc272bb56,0,2026-02-27T18:10:31.214Z,2026-02-27T18:10:31.214Z
69a1de1749bdffecc272bb5c,,TX004,Unmatched,[object Object],69a1de1749bdffecc272bb56,0,2026-02-27T18:10:31.214Z,2026-02-27T18:10:31.214Z
69a1de1749bdffecc272bb5d,,TX005,Unmatched,[object Object],69a1de1749bdffecc272bb56,0,2026-02-27T18:10:31.215Z,2026-02-27T18:10:31.215Z
69a1de1749bdffecc272bb5e,,TX006,Unmatched,[object Object],69a1de1749bdffecc272bb56,0,2026-02-27T18:10:31.215Z,2026-02-27T18:10:31.215Z
69a1de1749bdffecc272bb5f,,TX007,Unmatched,[object Object],69a1de1749bdffecc272bb56,0,2026-02-27T18:10:31.215Z,2026-02-27T18:10:31.215Z
69a313ed014d953471b44fd8,,TX001,Unmatched,[object Object],69a313ed014d953471b44fd6,0,2026-02-28T16:12:29.942Z,2026-02-28T16:12:29.942Z
69a313ed014d953471b44fd9,,TX002,Unmatched,[object Object],69a313ed014d953471b44fd6,0,2026-02-28T16:12:29.942Z,2026-02-28T16:12:29.942Z
69a313ed014d953471b44fda,,TX002,Unmatched,[object Object],69a313ed014d953471b44fd6,0,2026-02-28T16:12:29.942Z,2026-02-28T16:12:29.942Z
69a313ed014d953471b44fdb,,TX003,Unmatched,[object Object],69a313ed014d953471b44fd6,0,2026-02-28T16:12:29.942Z,2026-02-28T16:12:29.942Z
69a313ed014d953471b44fdc,,TX004,Unmatched,[object Object],69a313ed014d953471b44fd6,0,2026-02-28T16:12:29.942Z,2026-02-28T16:12:29.942Z
69a313ed014d953471b44fdd,,TX005,Unmatched,[object Object],69a313ed014d953471b44fd6,0,2026-02-28T16:12:29.942Z,2026-02-28T16:12:29.942Z
69a313ed014d953471b44fde,,TX006,Unmatched,[object Object],69a313ed014d953471b44fd6,0,2026-02-28T16:12:29.943Z,2026-02-28T16:12:29.943Z
69a313ed014d953471b44fdf,,TX007,Unmatched,[object Object],69a313ed014d953471b44fd6,0,2026-02-28T16:12:29.943Z,2026-02-28T16:12:29.943Z
69a31659014d953471b44fed,,TX001,Unmatched,[object Object],69a31659014d953471b44feb,0,2026-02-28T16:22:49.481Z,2026-02-28T16:22:49.481Z
69a31659014d953471b44fee,,TX002,Unmatched,[object Object],69a31659014d953471b44feb,0,2026-02-28T16:22:49.481Z,2026-02-28T16:22:49.481Z
69a31659014d953471b44fef,,TX002,Unmatched,[object Object],69a31659014d953471b44feb,0,2026-02-28T16:22:49.481Z,2026-02-28T16:22:49.481Z
69a31659014d953471b44ff0,,TX003,Unmatched,[object Object],69a31659014d953471b44feb,0,2026-02-28T16:22:49.481Z,2026-02-28T16:22:49.481Z
69a31659014d953471b44ff1,,TX004,Unmatched,[object Object],69a31659014d953471b44feb,0,2026-02-28T16:22:49.481Z,2026-02-28T16:22:49.481Z
69a31659014d953471b44ff2,,TX005,Unmatched,[object Object],69a31659014d953471b44feb,0,2026-02-28T16:22:49.481Z,2026-02-28T16:22:49.481Z
69a31659014d953471b44ff3,,TX006,Unmatched,[object Object],69a31659014d953471b44feb,0,2026-02-28T16:22:49.482Z,2026-02-28T16:22:49.482Z
69a31659014d953471b44ff4,,TX007,Unmatched,[object Object],69a31659014d953471b44feb,0,2026-02-28T16:22:49.482Z,2026-02-28T16:22:49.482Z
69a317b5014d953471b45031,,booker12,Unmatched,[object Object],69a317b5014d953471b4502f,0,2026-02-28T16:28:37.251Z,2026-02-28T16:28:37.251Z
69a317b5014d953471b45032,,grey07,Unmatched,[object Object],69a317b5014d953471b4502f,0,2026-02-28T16:28:37.251Z,2026-02-28T16:28:37.251Z
69a317b5014d953471b45033,,johnson81,Unmatched,[object Object],69a317b5014d953471b4502f,0,2026-02-28T16:28:37.251Z,2026-02-28T16:28:37.251Z
69a317b5014d953471b45034,,jenkins46,Unmatched,[object Object],69a317b5014d953471b4502f,0,2026-02-28T16:28:37.251Z,2026-02-28T16:28:37.251Z
69a317b5014d953471b45035,,smith79,Unmatched,[object Object],69a317b5014d953471b4502f,0,2026-02-28T16:28:37.251Z,2026-02-28T16:28:37.251Z
69a31931014d953471b45046,,TX001,Unmatched,[object Object],69a31931014d953471b45044,0,2026-02-28T16:34:57.856Z,2026-02-28T16:34:57.856Z
69a31931014d953471b45047,,TX002,Unmatched,[object Object],69a31931014d953471b45044,0,2026-02-28T16:34:57.856Z,2026-02-28T16:34:57.856Z
69a31931014d953471b45048,,TX002,Unmatched,[object Object],69a31931014d953471b45044,0,2026-02-28T16:34:57.856Z,2026-02-28T16:34:57.856Z
69a31931014d953471b45049,,TX003,Unmatched,[object Object],69a31931014d953471b45044,0,2026-02-28T16:34:57.856Z,2026-02-28T16:34:57.856Z
69a31931014d953471b4504a,,TX004,Unmatched,[object Object],69a31931014d953471b45044,0,2026-02-28T16:34:57.856Z,2026-02-28T16:34:57.856Z
69a31931014d953471b4504b,,TX005,Unmatched,[object Object],69a31931014d953471b45044,0,2026-02-28T16:34:57.856Z,2026-02-28T16:34:57.856Z
69a31931014d953471b4504c,,TX006,Unmatched,[object Object],69a31931014d953471b45044,0,2026-02-28T16:34:57.856Z,2026-02-28T16:34:57.856Z
69a31931014d953471b4504d,,TX007,Unmatched,[object Object],69a31931014d953471b45044,0,2026-02-28T16:34:57.856Z,2026-02-28T16:34:57.856Z
69a31fc4ee80554d565e1e29,,TX001,Unmatched,[object Object],69a31fc4ee80554d565e1e27,0,2026-02-28T17:03:00.303Z,2026-02-28T17:03:00.303Z
69a31fc4ee80554d565e1e2a,,TX002,Unmatched,[object Object],69a31fc4ee80554d565e1e27,0,2026-02-28T17:03:00.303Z,2026-02-28T17:03:00.303Z
69a31fc4ee80554d565e1e2b,,TX002,Unmatched,[object Object],69a31fc4ee80554d565e1e27,0,2026-02-28T17:03:00.303Z,2026-02-28T17:03:00.303Z
69a31fc4ee80554d565e1e2c,,TX003,Unmatched,[object Object],69a31fc4ee80554d565e1e27,0,2026-02-28T17:03:00.303Z,2026-02-28T17:03:00.303Z
69a31fc4ee80554d565e1e2d,,TX004,Unmatched,[object Object],69a31fc4ee80554d565e1e27,0,2026-02-28T17:03:00.303Z,2026-02-28T17:03:00.303Z
69a31fc4ee80554d565e1e2e,,TX005,Unmatched,[object Object],69a31fc4ee80554d565e1e27,0,2026-02-28T17:03:00.303Z,2026-02-28T17:03:00.303Z
69a31fc4ee80554d565e1e2f,,TX006,Unmatched,[object Object],69a31fc4ee80554d565e1e27,0,2026-02-28T17:03:00.303Z,2026-02-28T17:03:00.303Z
69a31fc4ee80554d565e1e30,,TX007,Unmatched,[object Object],69a31fc4ee80554d565e1e27,0,2026-02-28T17:03:00.303Z,2026-02-28T17:03:00.303Z
69a327fbee80554d565e1e4f,,TX001,Unmatched,[object Object],69a327fbee80554d565e1e4d,0,2026-02-28T17:38:03.660Z,2026-02-28T17:38:03.660Z
69a327fbee80554d565e1e50,,TX002,Unmatched,[object Object],69a327fbee80554d565e1e4d,0,2026-02-28T17:38:03.660Z,2026-02-28T17:38:03.660Z
69a327fbee80554d565e1e51,,TX002,Unmatched,[object Object],69a327fbee80554d565e1e4d,0,2026-02-28T17:38:03.660Z,2026-02-28T17:38:03.660Z
69a327fbee80554d565e1e52,,TX003,Unmatched,[object Object],69a327fbee80554d565e1e4d,0,2026-02-28T17:38:03.660Z,2026-02-28T17:38:03.660Z
69a327fbee80554d565e1e53,,TX004,Unmatched,[object Object],69a327fbee80554d565e1e4d,0,2026-02-28T17:38:03.660Z,2026-02-28T17:38:03.660Z
69a327fbee80554d565e1e54,,TX005,Unmatched,[object Object],69a327fbee80554d565e1e4d,0,2026-02-28T17:38:03.660Z,2026-02-28T17:38:03.660Z
69a327fbee80554d565e1e55,,TX006,Unmatched,[object Object],69a327fbee80554d565e1e4d,0,2026-02-28T17:38:03.660Z,2026-02-28T17:38:03.660Z
69a327fbee80554d565e1e56,,TX007,Unmatched,[object Object],69a327fbee80554d565e1e4d,0,2026-02-28T17:38:03.661Z,2026-02-28T17:38:03.661Z
69a32cdae6d4ef0e34cf58cb,,booker12,Unmatched,[object Object],69a32cdae6d4ef0e34cf58c9,0,2026-02-28T17:58:50.211Z,2026-02-28T17:58:50.211Z
69a32cdae6d4ef0e34cf58cc,,grey07,Unmatched,[object Object],69a32cdae6d4ef0e34cf58c9,0,2026-02-28T17:58:50.211Z,2026-02-28T17:58:50.211Z
69a32cdae6d4ef0e34cf58cd,,johnson81,Unmatched,[object Object],69a32cdae6d4ef0e34cf58c9,0,2026-02-28T17:58:50.212Z,2026-02-28T17:58:50.212Z
69a32cdae6d4ef0e34cf58ce,,jenkins46,Unmatched,[object Object],69a32cdae6d4ef0e34cf58c9,0,2026-02-28T17:58:50.212Z,2026-02-28T17:58:50.212Z
69a32cdae6d4ef0e34cf58cf,,smith79,Unmatched,[object Object],69a32cdae6d4ef0e34cf58c9,0,2026-02-28T17:58:50.212Z,2026-02-28T17:58:50.212Z
69a5cbb88316413715360061,,TX001,Unmatched,[object Object],69a5cbb8831641371536005f,0,2026-03-02T17:41:12.783Z,2026-03-02T17:41:12.783Z
69a5cbb88316413715360062,,TX002,Unmatched,[object Object],69a5cbb8831641371536005f,0,2026-03-02T17:41:12.783Z,2026-03-02T17:41:12.783Z
69a5cbb88316413715360063,,TX002,Unmatched,[object Object],69a5cbb8831641371536005f,0,2026-03-02T17:41:12.783Z,2026-03-02T17:41:12.783Z
69a5cbb88316413715360064,,TX003,Unmatched,[object Object],69a5cbb8831641371536005f,0,2026-03-02T17:41:12.784Z,2026-03-02T17:41:12.784Z
69a5cbb88316413715360065,,TX004,Unmatched,[object Object],69a5cbb8831641371536005f,0,2026-03-02T17:41:12.784Z,2026-03-02T17:41:12.784Z
69a5cbb88316413715360066,,TX005,Unmatched,[object Object],69a5cbb8831641371536005f,0,2026-03-02T17:41:12.784Z,2026-03-02T17:41:12.784Z
69a5cbb88316413715360067,,TX006,Unmatched,[object Object],69a5cbb8831641371536005f,0,2026-03-02T17:41:12.784Z,2026-03-02T17:41:12.784Z
69a5cbb88316413715360068,,TX007,Unmatched,[object Object],69a5cbb8831641371536005f,0,2026-03-02T17:41:12.784Z,2026-03-02T17:41:12.784Z
69a5d339fc6eb6d76124f73a,,TX001,Unmatched,[object Object],69a5d339fc6eb6d76124f738,0,2026-03-02T18:13:13.908Z,2026-03-02T18:13:13.908Z
69a5d339fc6eb6d76124f73b,,TX002,Unmatched,[object Object],69a5d339fc6eb6d76124f738,0,2026-03-02T18:13:13.908Z,2026-03-02T18:13:13.908Z
69a5d339fc6eb6d76124f73c,,TX002,Unmatched,[object Object],69a5d339fc6eb6d76124f738,0,2026-03-02T18:13:13.908Z,2026-03-02T18:13:13.908Z
69a5d339fc6eb6d76124f73d,,TX003,Unmatched,[object Object],69a5d339fc6eb6d76124f738,0,2026-03-02T18:13:13.908Z,2026-03-02T18:13:13.908Z
69a5d339fc6eb6d76124f73e,,TX004,Unmatched,[object Object],69a5d339fc6eb6d76124f738,0,2026-03-02T18:13:13.909Z,2026-03-02T18:13:13.909Z
69a5d339fc6eb6d76124f73f,,TX005,Unmatched,[object Object],69a5d339fc6eb6d76124f738,0,2026-03-02T18:13:13.909Z,2026-03-02T18:13:13.909Z
69a5d339fc6eb6d76124f740,,TX006,Unmatched,[object Object],69a5d339fc6eb6d76124f738,0,2026-03-02T18:13:13.909Z,2026-03-02T18:13:13.909Z
69a5d339fc6eb6d76124f741,,TX007,Unmatched,[object Object],69a5d339fc6eb6d76124f738,0,2026-03-02T18:13:13.909Z,2026-03-02T18:13:13.909Z
69a71cbdb37e789319fbe061,,TX001,Unmatched,[object Object],69a71cbdb37e789319fbe05f,0,2026-03-03T17:39:09.779Z,2026-03-03T17:39:09.779Z
69a71cbdb37e789319fbe062,,TX002,Unmatched,[object Object],69a71cbdb37e789319fbe05f,0,2026-03-03T17:39:09.779Z,2026-03-03T17:39:09.779Z
69a71cbdb37e789319fbe063,,TX002,Unmatched,[object Object],69a71cbdb37e789319fbe05f,0,2026-03-03T17:39:09.779Z,2026-03-03T17:39:09.779Z
69a71cbdb37e789319fbe064,,TX003,Unmatched,[object Object],69a71cbdb37e789319fbe05f,0,2026-03-03T17:39:09.779Z,2026-03-03T17:39:09.779Z
69a71cbdb37e789319fbe065,,TX004,Unmatched,[object Object],69a71cbdb37e789319fbe05f,0,2026-03-03T17:39:09.779Z,2026-03-03T17:39:09.779Z
69a71cbdb37e789319fbe066,,TX005,Unmatched,[object Object],69a71cbdb37e789319fbe05f,0,2026-03-03T17:39:09.779Z,2026-03-03T17:39:09.779Z
69a71cbdb37e789319fbe067,,TX006,Unmatched,[object Object],69a71cbdb37e789319fbe05f,0,2026-03-03T17:39:09.779Z,2026-03-03T17:39:09.779Z
69a71cbdb37e789319fbe068,,TX007,Unmatched,[object Object],69a71cbdb37e789319fbe05f,0,2026-03-03T17:39:09.779Z,2026-03-03T17:39:09.779Z
69a7222e2203b68cc7e359e1,,TX001,Unmatched,[object Object],69a7222d2203b68cc7e359df,0,2026-03-03T18:02:22.013Z,2026-03-03T18:02:22.013Z
69a7222e2203b68cc7e359e2,,TX002,Unmatched,[object Object],69a7222d2203b68cc7e359df,0,2026-03-03T18:02:22.013Z,2026-03-03T18:02:22.013Z
69a7222e2203b68cc7e359e3,,TX002,Unmatched,[object Object],69a7222d2203b68cc7e359df,0,2026-03-03T18:02:22.013Z,2026-03-03T18:02:22.013Z
69a7222e2203b68cc7e359e4,,TX003,Unmatched,[object Object],69a7222d2203b68cc7e359df,0,2026-03-03T18:02:22.013Z,2026-03-03T18:02:22.013Z
69a7222e2203b68cc7e359e5,,TX004,Unmatched,[object Object],69a7222d2203b68cc7e359df,0,2026-03-03T18:02:22.013Z,2026-03-03T18:02:22.013Z
69a7222e2203b68cc7e359e6,,TX005,Unmatched,[object Object],69a7222d2203b68cc7e359df,0,2026-03-03T18:02:22.013Z,2026-03-03T18:02:22.013Z
69a7222e2203b68cc7e359e7,,TX006,Unmatched,[object Object],69a7222d2203b68cc7e359df,0,2026-03-03T18:02:22.013Z,2026-03-03T18:02:22.013Z
69a7222e2203b68cc7e359e8,,TX007,Unmatched,[object Object],69a7222d2203b68cc7e359df,0,2026-03-03T18:02:22.013Z,2026-03-03T18:02:22.013Z
69a86542bf7ed88fa37969c2,,TX001,Unmatched,[object Object],69a86542bf7ed88fa37969c0,0,2026-03-04T17:00:50.937Z,2026-03-04T17:00:50.937Z
69a86542bf7ed88fa37969c3,,TX002,Unmatched,[object Object],69a86542bf7ed88fa37969c0,0,2026-03-04T17:00:50.937Z,2026-03-04T17:00:50.937Z
69a86542bf7ed88fa37969c4,,TX002,Unmatched,[object Object],69a86542bf7ed88fa37969c0,0,2026-03-04T17:00:50.937Z,2026-03-04T17:00:50.937Z
69a86542bf7ed88fa37969c5,,TX003,Unmatched,[object Object],69a86542bf7ed88fa37969c0,0,2026-03-04T17:00:50.937Z,2026-03-04T17:00:50.937Z
69a86542bf7ed88fa37969c6,,TX004,Unmatched,[object Object],69a86542bf7ed88fa37969c0,0,2026-03-04T17:00:50.937Z,2026-03-04T17:00:50.937Z
69a86542bf7ed88fa37969c7,,TX005,Unmatched,[object Object],69a86542bf7ed88fa37969c0,0,2026-03-04T17:00:50.937Z,2026-03-04T17:00:50.937Z
69a86542bf7ed88fa37969c8,,TX006,Unmatched,[object Object],69a86542bf7ed88fa37969c0,0,2026-03-04T17:00:50.937Z,2026-03-04T17:00:50.937Z
69a86542bf7ed88fa37969c9,,TX007,Unmatched,[object Object],69a86542bf7ed88fa37969c0,0,2026-03-04T17:00:50.937Z,2026-03-04T17:00:50.937Z
69a870ff0f3e37c1f74eeb41,,TX001,Unmatched,[object Object],69a870ff0f3e37c1f74eeb3f,0,2026-03-04T17:50:55.091Z,2026-03-04T17:50:55.091Z
69a870ff0f3e37c1f74eeb42,,TX002,Unmatched,[object Object],69a870ff0f3e37c1f74eeb3f,0,2026-03-04T17:50:55.091Z,2026-03-04T17:50:55.091Z
69a870ff0f3e37c1f74eeb43,,TX002,Unmatched,[object Object],69a870ff0f3e37c1f74eeb3f,0,2026-03-04T17:50:55.092Z,2026-03-04T17:50:55.092Z
69a870ff0f3e37c1f74eeb44,,TX003,Unmatched,[object Object],69a870ff0f3e37c1f74eeb3f,0,2026-03-04T17:50:55.092Z,2026-03-04T17:50:55.092Z
69a870ff0f3e37c1f74eeb45,,TX004,Unmatched,[object Object],69a870ff0f3e37c1f74eeb3f,0,2026-03-04T17:50:55.092Z,2026-03-04T17:50:55.092Z
69a870ff0f3e37c1f74eeb46,,TX005,Unmatched,[object Object],69a870ff0f3e37c1f74eeb3f,0,2026-03-04T17:50:55.092Z,2026-03-04T17:50:55.092Z
69a870ff0f3e37c1f74eeb47,,TX006,Unmatched,[object Object],69a870ff0f3e37c1f74eeb3f,0,2026-03-04T17:50:55.092Z,2026-03-04T17:50:55.092Z
69a870ff0f3e37c1f74eeb48,,TX007,Unmatched,[object Object],69a870ff0f3e37c1f74eeb3f,0,2026-03-04T17:50:55.092Z,2026-03-04T17:50:55.092Z
69a9a2a7209ba0f77fb5cfd2,,TX001,Unmatched,[object Object],69a9a2a7209ba0f77fb5cfd0,0,2026-03-05T15:35:03.394Z,2026-03-05T15:35:03.394Z
69a9a2a7209ba0f77fb5cfd3,,TX002,Unmatched,[object Object],69a9a2a7209ba0f77fb5cfd0,0,2026-03-05T15:35:03.394Z,2026-03-05T15:35:03.394Z
69a9a2a7209ba0f77fb5cfd4,,TX002,Unmatched,[object Object],69a9a2a7209ba0f77fb5cfd0,0,2026-03-05T15:35:03.394Z,2026-03-05T15:35:03.394Z
69a9a2a7209ba0f77fb5cfd5,,TX003,Unmatched,[object Object],69a9a2a7209ba0f77fb5cfd0,0,2026-03-05T15:35:03.394Z,2026-03-05T15:35:03.394Z
69a9a2a7209ba0f77fb5cfd6,,TX004,Unmatched,[object Object],69a9a2a7209ba0f77fb5cfd0,0,2026-03-05T15:35:03.394Z,2026-03-05T15:35:03.394Z
69a9a2a7209ba0f77fb5cfd7,,TX005,Unmatched,[object Object],69a9a2a7209ba0f77fb5cfd0,0,2026-03-05T15:35:03.394Z,2026-03-05T15:35:03.394Z
69a9a2a7209ba0f77fb5cfd8,,TX006,Unmatched,[object Object],69a9a2a7209ba0f77fb5cfd0,0,2026-03-05T15:35:03.394Z,2026-03-05T15:35:03.394Z
69a9a2a7209ba0f77fb5cfd9,,TX007,Unmatched,[object Object],69a9a2a7209ba0f77fb5cfd0,0,2026-03-05T15:35:03.394Z,2026-03-05T15:35:03.394Z
69a9a93e9da3280abac72589,,TX001,Unmatched,[object Object],69a9a93e9da3280abac72587,0,2026-03-05T16:03:10.847Z,2026-03-05T16:03:10.847Z
69a9a93e9da3280abac7258a,,TX002,Unmatched,[object Object],69a9a93e9da3280abac72587,0,2026-03-05T16:03:10.847Z,2026-03-05T16:03:10.847Z
69a9a93e9da3280abac7258b,,TX002,Unmatched,[object Object],69a9a93e9da3280abac72587,0,2026-03-05T16:03:10.847Z,2026-03-05T16:03:10.847Z
69a9a93e9da3280abac7258c,,TX003,Unmatched,[object Object],69a9a93e9da3280abac72587,0,2026-03-05T16:03:10.847Z,2026-03-05T16:03:10.847Z
69a9a93e9da3280abac7258d,,TX004,Unmatched,[object Object],69a9a93e9da3280abac72587,0,2026-03-05T16:03:10.847Z,2026-03-05T16:03:10.847Z
69a9a93e9da3280abac7258e,,TX005,Unmatched,[object Object],69a9a93e9da3280abac72587,0,2026-03-05T16:03:10.847Z,2026-03-05T16:03:10.847Z
69a9a93e9da3280abac7258f,,TX006,Unmatched,[object Object],69a9a93e9da3280abac72587,0,2026-03-05T16:03:10.847Z,2026-03-05T16:03:10.847Z
69a9a93e9da3280abac72590,,TX007,Unmatched,[object Object],69a9a93e9da3280abac72587,0,2026-03-05T16:03:10.847Z,2026-03-05T16:03:10.847Z
69a9b303d70670e1f1d098bc,,TX001,Unmatched,[object Object],69a9b303d70670e1f1d098ba,0,2026-03-05T16:44:51.042Z,2026-03-05T16:44:51.042Z
69a9b303d70670e1f1d098bd,,TX002,Unmatched,[object Object],69a9b303d70670e1f1d098ba,0,2026-03-05T16:44:51.042Z,2026-03-05T16:44:51.042Z
69a9b303d70670e1f1d098be,,TX002,Unmatched,[object Object],69a9b303d70670e1f1d098ba,0,2026-03-05T16:44:51.042Z,2026-03-05T16:44:51.042Z
69a9b303d70670e1f1d098bf,,TX003,Unmatched,[object Object],69a9b303d70670e1f1d098ba,0,2026-03-05T16:44:51.042Z,2026-03-05T16:44:51.042Z
69a9b303d70670e1f1d098c0,,TX004,Unmatched,[object Object],69a9b303d70670e1f1d098ba,0,2026-03-05T16:44:51.042Z,2026-03-05T16:44:51.042Z
69a9b303d70670e1f1d098c1,,TX005,Unmatched,[object Object],69a9b303d70670e1f1d098ba,0,2026-03-05T16:44:51.042Z,2026-03-05T16:44:51.042Z
69a9b303d70670e1f1d098c2,,TX006,Unmatched,[object Object],69a9b303d70670e1f1d098ba,0,2026-03-05T16:44:51.042Z,2026-03-05T16:44:51.042Z
69a9b303d70670e1f1d098c3,,TX007,Unmatched,[object Object],69a9b303d70670e1f1d098ba,0,2026-03-05T16:44:51.042Z,2026-03-05T16:44:51.042Z
69a9b5a90db4b3a2700315d3,,TX001,Unmatched,[object Object],69a9b5a90db4b3a2700315d1,0,2026-03-05T16:56:09.774Z,2026-03-05T16:56:09.774Z
69a9b5a90db4b3a2700315d4,,TX002,Unmatched,[object Object],69a9b5a90db4b3a2700315d1,0,2026-03-05T16:56:09.774Z,2026-03-05T16:56:09.774Z
69a9b5a90db4b3a2700315d5,,TX002,Unmatched,[object Object],69a9b5a90db4b3a2700315d1,0,2026-03-05T16:56:09.774Z,2026-03-05T16:56:09.774Z
69a9b5a90db4b3a2700315d6,,TX003,Unmatched,[object Object],69a9b5a90db4b3a2700315d1,0,2026-03-05T16:56:09.775Z,2026-03-05T16:56:09.775Z
69a9b5a90db4b3a2700315d7,,TX004,Unmatched,[object Object],69a9b5a90db4b3a2700315d1,0,2026-03-05T16:56:09.775Z,2026-03-05T16:56:09.775Z
69a9b5a90db4b3a2700315d8,,TX005,Unmatched,[object Object],69a9b5a90db4b3a2700315d1,0,2026-03-05T16:56:09.775Z,2026-03-05T16:56:09.775Z
69a9b5a90db4b3a2700315d9,,TX006,Unmatched,[object Object],69a9b5a90db4b3a2700315d1,0,2026-03-05T16:56:09.775Z,2026-03-05T16:56:09.775Z
69a9b5a90db4b3a2700315da,,TX007,Unmatched,[object Object],69a9b5a90db4b3a2700315d1,0,2026-03-05T16:56:09.775Z,2026-03-05T16:56:09.775Z
69a9c0ecc17b9153ed5f0e33,,TX001,Unmatched,[object Object],69a9c0ecc17b9153ed5f0e31,0,2026-03-05T17:44:12.280Z,2026-03-05T17:44:12.280Z
69a9c0ecc17b9153ed5f0e34,,TX002,Unmatched,[object Object],69a9c0ecc17b9153ed5f0e31,0,2026-03-05T17:44:12.280Z,2026-03-05T17:44:12.280Z
69a9c0ecc17b9153ed5f0e35,,TX002,Unmatched,[object Object],69a9c0ecc17b9153ed5f0e31,0,2026-03-05T17:44:12.280Z,2026-03-05T17:44:12.280Z
69a9c0ecc17b9153ed5f0e36,TX004,TX003,Duplicate,69a9c0ecc17b9153ed5f0e31,0,2026-03-05T17:44:12.281Z,2026-03-05T17:44:45.903Z
69a9c0ecc17b9153ed5f0e37,,TX004,Unmatched,[object Object],69a9c0ecc17b9153ed5f0e31,0,2026-03-05T17:44:12.281Z,2026-03-05T17:44:12.281Z
69a9c0ecc17b9153ed5f0e38,,TX005,Unmatched,[object Object],69a9c0ecc17b9153ed5f0e31,0,2026-03-05T17:44:12.281Z,2026-03-05T17:44:12.281Z
69a9c0ecc17b9153ed5f0e39,,TX006,Unmatched,[object Object],69a9c0ecc17b9153ed5f0e31,0,2026-03-05T17:44:12.281Z,2026-03-05T17:44:12.281Z
69a9c0ecc17b9153ed5f0e3a,,TX007,Unmatched,[object Object],69a9c0ecc17b9153ed5f0e31,0,2026-03-05T17:44:12.281Z,2026-03-05T17:44:12.281Z
69a9c291bef1f7f33f50b977,TX001,TX001,Duplicate,69a9c291bef1f7f33f50b975,0,2026-03-05T17:51:13.136Z,2026-03-05T17:51:51.272Z
69a9c291bef1f7f33f50b978,,TX002,Unmatched,[object Object],69a9c291bef1f7f33f50b975,0,2026-03-05T17:51:13.136Z,2026-03-05T17:51:13.136Z
69a9c291bef1f7f33f50b979,,TX002,Unmatched,[object Object],69a9c291bef1f7f33f50b975,0,2026-03-05T17:51:13.136Z,2026-03-05T17:51:13.136Z
69a9c291bef1f7f33f50b97a,,TX003,Unmatched,[object Object],69a9c291bef1f7f33f50b975,0,2026-03-05T17:51:13.136Z,2026-03-05T17:51:13.136Z
69a9c291bef1f7f33f50b97b,,TX004,Unmatched,[object Object],69a9c291bef1f7f33f50b975,0,2026-03-05T17:51:13.136Z,2026-03-05T17:51:13.136Z
69a9c291bef1f7f33f50b97c,,TX005,Unmatched,[object Object],69a9c291bef1f7f33f50b975,0,2026-03-05T17:51:13.136Z,2026-03-05T17:51:13.136Z
69a9c291bef1f7f33f50b97d,,TX006,Unmatched,[object Object],69a9c291bef1f7f33f50b975,0,2026-03-05T17:51:13.136Z,2026-03-05T17:51:13.136Z
69a9c291bef1f7f33f50b97e,,TX007,Unmatched,[object Object],69a9c291bef1f7f33f50b975,0,2026-03-05T17:51:13.136Z,2026-03-05T17:51:13.136Z
69a9c527168a357fd6d14e73,TX002,TX001,Duplicate,69a9c527168a357fd6d14e71,0,2026-03-05T18:02:15.966Z,2026-03-05T18:02:59.633Z
69a9c527168a357fd6d14e74,,TX002,Unmatched,[object Object],69a9c527168a357fd6d14e71,0,2026-03-05T18:02:15.966Z,2026-03-05T18:02:15.966Z
69a9c527168a357fd6d14e75,,TX002,Unmatched,[object Object],69a9c527168a357fd6d14e71,0,2026-03-05T18:02:15.966Z,2026-03-05T18:02:15.966Z
69a9c527168a357fd6d14e76,,TX003,Unmatched,[object Object],69a9c527168a357fd6d14e71,0,2026-03-05T18:02:15.966Z,2026-03-05T18:02:15.966Z
69a9c527168a357fd6d14e77,,TX004,Unmatched,[object Object],69a9c527168a357fd6d14e71,0,2026-03-05T18:02:15.966Z,2026-03-05T18:02:15.966Z
69a9c527168a357fd6d14e78,,TX005,Unmatched,[object Object],69a9c527168a357fd6d14e71,0,2026-03-05T18:02:15.966Z,2026-03-05T18:02:15.966Z
69a9c527168a357fd6d14e79,,TX006,Unmatched,[object Object],69a9c527168a357fd6d14e71,0,2026-03-05T18:02:15.966Z,2026-03-05T18:02:15.966Z
69a9c527168a357fd6d14e7a,,TX007,Unmatched,[object Object],69a9c527168a357fd6d14e71,0,2026-03-05T18:02:15.966Z,2026-03-05T18:02:15.966Z
69a9c8b83d0ae0203599b577,,TX001,Unmatched,[object Object],69a9c8b83d0ae0203599b575,0,2026-03-05T18:17:28.170Z,2026-03-05T18:17:28.170Z
69a9c8b83d0ae0203599b578,,TX002,Unmatched,[object Object],69a9c8b83d0ae0203599b575,0,2026-03-05T18:17:28.170Z,2026-03-05T18:17:28.170Z
69a9c8b83d0ae0203599b579,,TX002,Unmatched,[object Object],69a9c8b83d0ae0203599b575,0,2026-03-05T18:17:28.170Z,2026-03-05T18:17:28.170Z
69a9c8b83d0ae0203599b57a,,TX003,Unmatched,[object Object],69a9c8b83d0ae0203599b575,0,2026-03-05T18:17:28.171Z,2026-03-05T18:17:28.171Z
69a9c8b83d0ae0203599b57b,,TX004,Unmatched,[object Object],69a9c8b83d0ae0203599b575,0,2026-03-05T18:17:28.171Z,2026-03-05T18:17:28.171Z
69a9c8b83d0ae0203599b57c,,TX005,Unmatched,[object Object],69a9c8b83d0ae0203599b575,0,2026-03-05T18:17:28.171Z,2026-03-05T18:17:28.171Z
69a9c8b83d0ae0203599b57d,,TX006,Unmatched,[object Object],69a9c8b83d0ae0203599b575,0,2026-03-05T18:17:28.171Z,2026-03-05T18:17:28.171Z
69a9c8b83d0ae0203599b57e,,TX007,Unmatched,[object Object],69a9c8b83d0ae0203599b575,0,2026-03-05T18:17:28.171Z,2026-03-05T18:17:28.171Z
69ab061a3f8ea75503b6f06d,TX100,TX001,Duplicate,69ab061a3f8ea75503b6f06b,0,2026-03-06T16:51:38.550Z,2026-03-06T17:45:00.202Z
69ab061a3f8ea75503b6f06e,,TX002,Unmatched,[object Object],69ab061a3f8ea75503b6f06b,0,2026-03-06T16:51:38.550Z,2026-03-06T16:51:38.550Z
69ab061a3f8ea75503b6f06f,,TX002,Unmatched,[object Object],69ab061a3f8ea75503b6f06b,0,2026-03-06T16:51:38.550Z,2026-03-06T16:51:38.550Z
69ab061a3f8ea75503b6f070,,TX003,Unmatched,[object Object],69ab061a3f8ea75503b6f06b,0,2026-03-06T16:51:38.550Z,2026-03-06T16:51:38.550Z
69ab061a3f8ea75503b6f071,,TX004,Unmatched,[object Object],69ab061a3f8ea75503b6f06b,0,2026-03-06T16:51:38.550Z,2026-03-06T16:51:38.550Z
69ab061a3f8ea75503b6f072,,TX005,Unmatched,[object Object],69ab061a3f8ea75503b6f06b,0,2026-03-06T16:51:38.550Z,2026-03-06T16:51:38.550Z
69ab061a3f8ea75503b6f073,,TX006,Unmatched,[object Object],69ab061a3f8ea75503b6f06b,0,2026-03-06T16:51:38.550Z,2026-03-06T16:51:38.550Z
69ab061a3f8ea75503b6f074,,TX007,Unmatched,[object Object],69ab061a3f8ea75503b6f06b,0,2026-03-06T16:51:38.550Z,2026-03-06T16:51:38.550Z
69aeffd4e8b051837a0f0c61,TX001,TX001,Duplicate,69aeffd4e8b051837a0f0c5f,0,2026-03-09T17:13:56.634Z,2026-03-09T17:14:37.473Z
69aeffd4e8b051837a0f0c62,,TX002,Unmatched,[object Object],69aeffd4e8b051837a0f0c5f,0,2026-03-09T17:13:56.634Z,2026-03-09T17:13:56.634Z
69aeffd4e8b051837a0f0c63,,TX002,Unmatched,[object Object],69aeffd4e8b051837a0f0c5f,0,2026-03-09T17:13:56.635Z,2026-03-09T17:13:56.635Z
69aeffd4e8b051837a0f0c64,,TX003,Unmatched,[object Object],69aeffd4e8b051837a0f0c5f,0,2026-03-09T17:13:56.635Z,2026-03-09T17:13:56.635Z
69aeffd4e8b051837a0f0c65,,TX004,Unmatched,[object Object],69aeffd4e8b051837a0f0c5f,0,2026-03-09T17:13:56.635Z,2026-03-09T17:13:56.635Z
69aeffd4e8b051837a0f0c66,,TX005,Unmatched,[object Object],69aeffd4e8b051837a0f0c5f,0,2026-03-09T17:13:56.635Z,2026-03-09T17:13:56.635Z
69aeffd4e8b051837a0f0c67,,TX006,Unmatched,[object Object],69aeffd4e8b051837a0f0c5f,0,2026-03-09T17:13:56.635Z,2026-03-09T17:13:56.635Z
69aeffd4e8b051837a0f0c68,,TX007,Unmatched,[object Object],69aeffd4e8b051837a0f0c5f,0,2026-03-09T17:13:56.635Z,2026-03-09T17:13:56.635Z
69b03c73d19138c4a269359f,,TX001,Unmatched,[object Object],69b03c73d19138c4a269359d,0,2026-03-10T15:44:51.370Z,2026-03-10T15:44:51.370Z
69b03c73d19138c4a26935a0,,TX002,Unmatched,[object Object],69b03c73d19138c4a269359d,0,2026-03-10T15:44:51.370Z,2026-03-10T15:44:51.370Z
69b03c73d19138c4a26935a1,,TX002,Unmatched,[object Object],69b03c73d19138c4a269359d,0,2026-03-10T15:44:51.370Z,2026-03-10T15:44:51.370Z
69b03c73d19138c4a26935a2,,TX003,Unmatched,[object Object],69b03c73d19138c4a269359d,0,2026-03-10T15:44:51.370Z,2026-03-10T15:44:51.370Z
69b03c73d19138c4a26935a3,,TX004,Unmatched,[object Object],69b03c73d19138c4a269359d,0,2026-03-10T15:44:51.370Z,2026-03-10T15:44:51.370Z
69b03c73d19138c4a26935a4,,TX005,Unmatched,[object Object],69b03c73d19138c4a269359d,0,2026-03-10T15:44:51.370Z,2026-03-10T15:44:51.370Z
69b03c73d19138c4a26935a5,,TX006,Unmatched,[object Object],69b03c73d19138c4a269359d,0,2026-03-10T15:44:51.370Z,2026-03-10T15:44:51.370Z
69b03c73d19138c4a26935a6,,TX007,Unmatched,[object Object],69b03c73d19138c4a269359d,0,2026-03-10T15:44:51.370Z,2026-03-10T15:44:51.370Z
69b03e4cd19138c4a2693601,TX001,TX001,Duplicate,[object Object],69b03e4cd19138c4a26935ff,0,2026-03-10T15:52:44.313Z,2026-03-10T16:01:31.088Z
69b03e4cd19138c4a2693602,,TX002,Unmatched,[object Object],69b03e4cd19138c4a26935ff,0,2026-03-10T15:52:44.313Z,2026-03-10T15:52:44.313Z
69b03e4cd19138c4a2693603,,TX002,Unmatched,[object Object],69b03e4cd19138c4a26935ff,0,2026-03-10T15:52:44.313Z,2026-03-10T15:52:44.313Z
69b03e4cd19138c4a2693604,,TX003,Unmatched,[object Object],69b03e4cd19138c4a26935ff,0,2026-03-10T15:52:44.313Z,2026-03-10T15:52:44.313Z
69b03e4cd19138c4a2693605,,TX004,Unmatched,[object Object],69b03e4cd19138c4a26935ff,0,2026-03-10T15:52:44.314Z,2026-03-10T15:52:44.314Z
69b03e4cd19138c4a2693606,,TX005,Unmatched,[object Object],69b03e4cd19138c4a26935ff,0,2026-03-10T15:52:44.314Z,2026-03-10T15:52:44.314Z
69b03e4cd19138c4a2693607,,TX006,Unmatched,[object Object],69b03e4cd19138c4a26935ff,0,2026-03-10T15:52:44.314Z,2026-03-10T15:52:44.314Z
69b03e4cd19138c4a2693608,,TX007,Unmatched,[object Object],69b03e4cd19138c4a26935ff,0,2026-03-10T15:52:44.314Z,2026-03-10T15:52:44.314Z
69b055635b90177343374664,TX001,TX001,Duplicate,[object Object],69b055635b90177343374662,0,2026-03-10T17:31:15.278Z,2026-03-10T17:46:17.997Z
69b055635b90177343374665,,TX002,Unmatched,[object Object],69b055635b90177343374662,0,2026-03-10T17:31:15.278Z,2026-03-10T17:31:15.278Z
69b055635b90177343374666,,TX002,Unmatched,[object Object],69b055635b90177343374662,0,2026-03-10T17:31:15.278Z,2026-03-10T17:31:15.278Z
69b055635b90177343374667,,TX003,Unmatched,[object Object],69b055635b90177343374662,0,2026-03-10T17:31:15.278Z,2026-03-10T17:31:15.278Z
69b055635b90177343374668,,TX004,Unmatched,[object Object],69b055635b90177343374662,0,2026-03-10T17:31:15.279Z,2026-03-10T17:31:15.279Z
69b055635b90177343374669,,TX005,Unmatched,[object Object],69b055635b90177343374662,0,2026-03-10T17:31:15.279Z,2026-03-10T17:31:15.279Z
69b055635b9017734337466a,,TX006,Unmatched,[object Object],69b055635b90177343374662,0,2026-03-10T17:31:15.279Z,2026-03-10T17:31:15.279Z
69b055635b9017734337466b,,TX007,Unmatched,[object Object],69b055635b90177343374662,0,2026-03-10T17:31:15.279Z,2026-03-10T17:31:15.279Z
69b1a8ecc2bba2f482e40e43,,TX001,Unmatched,[object Object],69b1a8ecc2bba2f482e40e41,0,2026-03-11T17:39:56.860Z,2026-03-11T17:39:56.860Z
69b1a8ecc2bba2f482e40e44,,TX002,Unmatched,[object Object],69b1a8ecc2bba2f482e40e41,0,2026-03-11T17:39:56.860Z,2026-03-11T17:39:56.860Z
69b1a8ecc2bba2f482e40e45,,TX002,Unmatched,[object Object],69b1a8ecc2bba2f482e40e41,0,2026-03-11T17:39:56.860Z,2026-03-11T17:39:56.860Z
69b1a8ecc2bba2f482e40e46,,TX003,Unmatched,[object Object],69b1a8ecc2bba2f482e40e41,0,2026-03-11T17:39:56.860Z,2026-03-11T17:39:56.860Z
69b1a8ecc2bba2f482e40e47,,TX004,Unmatched,[object Object],69b1a8ecc2bba2f482e40e41,0,2026-03-11T17:39:56.860Z,2026-03-11T17:39:56.860Z
69b1a8ecc2bba2f482e40e48,,TX005,Unmatched,[object Object],69b1a8ecc2bba2f482e40e41,0,2026-03-11T17:39:56.860Z,2026-03-11T17:39:56.860Z
69b1a8ecc2bba2f482e40e49,,TX006,Unmatched,[object Object],69b1a8ecc2bba2f482e40e41,0,2026-03-11T17:39:56.860Z,2026-03-11T17:39:56.860Z
69b1a8ecc2bba2f482e40e4a,,TX007,Unmatched,[object Object],69b1a8ecc2bba2f482e40e41,0,2026-03-11T17:39:56.860Z,2026-03-11T17:39:56.860Z
69b1aa2c74e11dc70107c705,,TX001,Unmatched,[object Object],69b1aa2c74e11dc70107c703,0,2026-03-11T17:45:16.727Z,2026-03-11T17:45:16.727Z
69b1aa2c74e11dc70107c706,,TX002,Unmatched,[object Object],69b1aa2c74e11dc70107c703,0,2026-03-11T17:45:16.727Z,2026-03-11T17:45:16.727Z
69b1aa2c74e11dc70107c707,,TX002,Unmatched,[object Object],69b1aa2c74e11dc70107c703,0,2026-03-11T17:45:16.727Z,2026-03-11T17:45:16.727Z
69b1aa2c74e11dc70107c708,,TX003,Unmatched,[object Object],69b1aa2c74e11dc70107c703,0,2026-03-11T17:45:16.727Z,2026-03-11T17:45:16.727Z
69b1aa2c74e11dc70107c709,,TX004,Unmatched,[object Object],69b1aa2c74e11dc70107c703,0,2026-03-11T17:45:16.728Z,2026-03-11T17:45:16.728Z
69b1aa2c74e11dc70107c70a,,TX005,Unmatched,[object Object],69b1aa2c74e11dc70107c703,0,2026-03-11T17:45:16.728Z,2026-03-11T17:45:16.728Z
69b1aa2c74e11dc70107c70b,,TX006,Unmatched,[object Object],69b1aa2c74e11dc70107c703,0,2026-03-11T17:45:16.728Z,2026-03-11T17:45:16.728Z
69b1aa2c74e11dc70107c70c,,TX007,Unmatched,[object Object],69b1aa2c74e11dc70107c703,0,2026-03-11T17:45:16.728Z,2026-03-11T17:45:16.728Z
69b42f62c58e3c2223a55fcf,TX001,TX001,Duplicate,69b42f62c58e3c2223a55fcd,0,2026-03-13T15:38:10.086Z,2026-03-13T16:17:41.508Z
69b42f62c58e3c2223a55fd0,,TX002,Unmatched,[object Object],69b42f62c58e3c2223a55fcd,0,2026-03-13T15:38:10.086Z,2026-03-13T15:38:10.086Z
69b42f62c58e3c2223a55fd1,,TX002,Unmatched,[object Object],69b42f62c58e3c2223a55fcd,0,2026-03-13T15:38:10.086Z,2026-03-13T15:38:10.086Z
69b42f62c58e3c2223a55fd2,,TX003,Unmatched,[object Object],69b42f62c58e3c2223a55fcd,0,2026-03-13T15:38:10.086Z,2026-03-13T15:38:10.086Z
69b42f62c58e3c2223a55fd3,,TX004,Unmatched,[object Object],69b42f62c58e3c2223a55fcd,0,2026-03-13T15:38:10.086Z,2026-03-13T15:38:10.086Z
69b42f62c58e3c2223a55fd4,,TX005,Unmatched,[object Object],69b42f62c58e3c2223a55fcd,0,2026-03-13T15:38:10.086Z,2026-03-13T15:38:10.086Z
69b42f62c58e3c2223a55fd5,,TX006,Unmatched,[object Object],69b42f62c58e3c2223a55fcd,0,2026-03-13T15:38:10.086Z,2026-03-13T15:38:10.086Z
69b42f62c58e3c2223a55fd6,,TX007,Unmatched,[object Object],69b42f62c58e3c2223a55fcd,0,2026-03-13T15:38:10.086Z,2026-03-13T15:38:10.086Z